oc_id,fecha_pedido,fecha_recepcion_esperada,proveedor,sku,marca,cantidad_cajas,costo_unitario,monto_total_mxn,lead_time_dias,condicion_pago,recibido
OC00001,2022-12-23,2023-01-02,PROV001 - Apple México Distribución,SKU001,Apple,155,14557.25,2256373.75,10,60 días,1
OC00002,2023-01-14,2023-01-23,PROV001 - Apple México Distribución,SKU001,Apple,277,16000.83,4432229.91,9,Contado,1
OC00003,2023-03-14,2023-03-20,PROV001 - Apple México Distribución,SKU001,Apple,314,14614.82,4589053.48,6,60 días,1
OC00004,2023-05-06,2023-05-15,PROV001 - Apple México Distribución,SKU001,Apple,389,15310.12,5955636.68,9,30 días,1
OC00005,2023-07-01,2023-07-10,PROV001 - Apple México Distribución,SKU001,Apple,322,15185.62,4889769.64,9,30 días,1
OC00006,2023-08-12,2023-08-21,PROV001 - Apple México Distribución,SKU001,Apple,634,15516.84,9837676.56,9,30 días,1
OC00007,2023-10-20,2023-10-30,PROV001 - Apple México Distribución,SKU001,Apple,482,15524.2,7482664.4,10,60 días,1
OC00008,2023-11-18,2023-11-27,PROV001 - Apple México Distribución,SKU001,Apple,318,15788.81,5020841.58,9,Contado,1
OC00009,2023-11-29,2023-12-04,PROV001 - Apple México Distribución,SKU001,Apple,1038,14904.56,15470933.28,5,Contado,1
OC00010,2024-03-15,2024-03-25,PROV001 - Apple México Distribución,SKU001,Apple,412,15726.27,6479223.24,10,45 días,1
OC00011,2024-05-07,2024-05-13,PROV001 - Apple México Distribución,SKU001,Apple,427,15232.07,6504093.89,6,30 días,1
OC00012,2024-06-17,2024-06-24,PROV001 - Apple México Distribución,SKU001,Apple,742,15504.09,11504034.78,7,Contado,1
OC00013,2024-10-01,2024-10-07,PROV001 - Apple México Distribución,SKU001,Apple,546,15704.34,8574569.64,6,30 días,1
OC00014,2024-11-15,2024-11-25,PROV001 - Apple México Distribución,SKU001,Apple,183,15396.6,2817577.8,10,30 días,1
OC00015,2024-11-25,2024-12-02,PROV001 - Apple México Distribución,SKU001,Apple,882,14509.7,12797555.4,7,60 días,1
OC00016,2022-12-24,2023-01-02,PROV001 - Apple México Distribución,SKU002,Apple,214,23384.02,5004180.28,9,60 días,1
OC00017,2023-01-02,2023-01-09,PROV001 - Apple México Distribución,SKU002,Apple,380,23783.49,9037726.2,7,30 días,1
OC00018,2023-02-12,2023-02-20,PROV001 - Apple México Distribución,SKU002,Apple,303,23289.36,7056676.08,8,Contado,1
OC00019,2023-03-15,2023-03-20,PROV001 - Apple México Distribución,SKU002,Apple,382,24081.3,9199056.6,5,60 días,1
OC00020,2023-04-08,2023-04-17,PROV001 - Apple México Distribución,SKU002,Apple,1042,23394.51,24377079.42,9,60 días,1
OC00021,2023-05-26,2023-06-05,PROV001 - Apple México Distribución,SKU002,Apple,828,23998.21,19870517.88,10,30 días,1
OC00022,2023-07-31,2023-08-07,PROV001 - Apple México Distribución,SKU002,Apple,505,23136.48,11683922.4,7,30 días,1
OC00023,2023-08-30,2023-09-04,PROV001 - Apple México Distribución,SKU002,Apple,1190,24021.22,28585251.8,5,Contado,1
OC00024,2023-11-04,2023-11-13,PROV001 - Apple México Distribución,SKU002,Apple,2914,22892.55,66708890.7,9,30 días,1
OC00025,2023-12-18,2023-12-25,PROV001 - Apple México Distribución,SKU002,Apple,2122,23315.64,49475788.08,7,45 días,1
OC00026,2024-07-02,2024-07-08,PROV001 - Apple México Distribución,SKU002,Apple,1101,22433.61,24699404.61,6,Contado,1
OC00027,2024-09-04,2024-09-09,PROV001 - Apple México Distribución,SKU002,Apple,728,23067.86,16793402.08,5,30 días,1
OC00028,2024-10-04,2024-10-14,PROV001 - Apple México Distribución,SKU002,Apple,616,23364.0,14392224.0,10,Contado,1
OC00029,2024-10-30,2024-11-04,PROV001 - Apple México Distribución,SKU002,Apple,1058,22129.25,23412746.5,5,30 días,1
OC00030,2024-11-16,2024-11-25,PROV001 - Apple México Distribución,SKU002,Apple,1579,24179.02,38178672.58,9,60 días,1
OC00031,2024-12-06,2024-12-16,PROV001 - Apple México Distribución,SKU002,Apple,2344,23332.99,54692528.56,10,30 días,1
OC00032,2023-01-06,2023-01-16,PROV002 - Samsung Electronics MX,SKU003,Samsung,559,12628.03,7059068.77,10,45 días,1
OC00033,2023-02-20,2023-03-06,PROV002 - Samsung Electronics MX,SKU003,Samsung,513,12360.79,6341085.27,14,Contado,1
OC00034,2023-04-13,2023-04-24,PROV002 - Samsung Electronics MX,SKU003,Samsung,526,12189.19,6411513.94,11,60 días,1
OC00035,2023-05-12,2023-05-22,PROV002 - Samsung Electronics MX,SKU003,Samsung,882,11626.63,10254687.66,10,60 días,1
OC00036,2023-08-02,2023-08-14,PROV002 - Samsung Electronics MX,SKU003,Samsung,543,12630.53,6858377.79,12,60 días,1
OC00037,2023-08-31,2023-09-11,PROV002 - Samsung Electronics MX,SKU003,Samsung,1263,12814.8,16185092.4,11,60 días,1
OC00038,2023-10-30,2023-11-06,PROV002 - Samsung Electronics MX,SKU003,Samsung,1829,12401.87,22683020.23,7,Contado,1
OC00039,2023-12-02,2023-12-11,PROV002 - Samsung Electronics MX,SKU003,Samsung,2349,11903.67,27961720.83,9,45 días,1
OC00040,2024-07-20,2024-07-29,PROV002 - Samsung Electronics MX,SKU003,Samsung,500,12787.96,6393980.0,9,Contado,1
OC00041,2024-09-07,2024-09-16,PROV002 - Samsung Electronics MX,SKU003,Samsung,485,12817.57,6216521.45,9,60 días,1
OC00042,2024-10-06,2024-10-14,PROV002 - Samsung Electronics MX,SKU003,Samsung,732,12490.94,9143368.08,8,45 días,1
OC00043,2024-10-31,2024-11-11,PROV002 - Samsung Electronics MX,SKU003,Samsung,1569,12607.05,19780461.45,11,Contado,1
OC00044,2022-12-21,2023-01-02,PROV002 - Samsung Electronics MX,SKU004,Samsung,649,2691.61,1746854.89,12,60 días,1
OC00045,2023-02-03,2023-02-13,PROV002 - Samsung Electronics MX,SKU004,Samsung,970,2629.54,2550653.8,10,Contado,1
OC00046,2023-04-22,2023-05-01,PROV002 - Samsung Electronics MX,SKU004,Samsung,800,2643.33,2114664.0,9,30 días,1
OC00047,2023-06-02,2023-06-12,PROV002 - Samsung Electronics MX,SKU004,Samsung,626,2704.25,1692860.5,10,30 días,1
OC00048,2023-07-07,2023-07-17,PROV002 - Samsung Electronics MX,SKU004,Samsung,709,2610.66,1850957.94,10,60 días,1
OC00049,2023-08-09,2023-08-21,PROV002 - Samsung Electronics MX,SKU004,Samsung,581,2495.3,1449769.3,12,60 días,1
OC00050,2023-09-28,2023-10-09,PROV002 - Samsung Electronics MX,SKU004,Samsung,1025,2791.21,2860990.25,11,60 días,1
OC00051,2023-10-29,2023-11-06,PROV002 - Samsung Electronics MX,SKU004,Samsung,1118,2679.38,2995546.84,8,45 días,1
OC00052,2023-12-29,2024-01-08,PROV002 - Samsung Electronics MX,SKU004,Samsung,652,2669.72,1740657.44,10,45 días,1
OC00053,2024-02-19,2024-02-26,PROV002 - Samsung Electronics MX,SKU004,Samsung,521,2548.21,1327617.41,7,30 días,1
OC00054,2024-03-11,2024-03-25,PROV002 - Samsung Electronics MX,SKU004,Samsung,1098,2596.51,2850967.98,14,30 días,1
OC00055,2024-05-12,2024-05-20,PROV002 - Samsung Electronics MX,SKU004,Samsung,1005,2471.76,2484118.8,8,Contado,1
OC00056,2024-07-15,2024-07-29,PROV002 - Samsung Electronics MX,SKU004,Samsung,1793,2552.55,4576722.15,14,60 días,1
OC00057,2024-09-30,2024-10-14,PROV002 - Samsung Electronics MX,SKU004,Samsung,663,2556.38,1694879.94,14,30 días,1
OC00058,2024-11-04,2024-11-11,PROV002 - Samsung Electronics MX,SKU004,Samsung,1110,2547.27,2827469.7,7,60 días,1
OC00059,2024-12-16,2024-12-23,PROV002 - Samsung Electronics MX,SKU004,Samsung,954,2466.62,2353155.48,7,45 días,1
OC00060,2023-01-06,2023-01-16,PROV018 - Xiaomi Technology MX,SKU005,Xiaomi,617,2638.93,1628219.81,10,45 días,1
OC00061,2023-02-23,2023-03-06,PROV018 - Xiaomi Technology MX,SKU005,Xiaomi,780,2805.56,2188336.8,11,30 días,1
OC00062,2023-03-31,2023-04-17,PROV018 - Xiaomi Technology MX,SKU005,Xiaomi,1463,2780.36,4067666.68,17,30 días,1
OC00063,2023-07-05,2023-07-24,PROV018 - Xiaomi Technology MX,SKU005,Xiaomi,651,2853.02,1857316.02,19,45 días,1
OC00064,2023-08-11,2023-08-28,PROV018 - Xiaomi Technology MX,SKU005,Xiaomi,1074,2678.39,2876590.86,17,Contado,1
OC00065,2023-10-21,2023-11-06,PROV018 - Xiaomi Technology MX,SKU005,Xiaomi,926,2788.21,2581882.46,16,45 días,1
OC00066,2023-12-01,2023-12-11,PROV018 - Xiaomi Technology MX,SKU005,Xiaomi,1719,2744.83,4718362.77,10,30 días,1
OC00067,2024-03-25,2024-04-08,PROV018 - Xiaomi Technology MX,SKU005,Xiaomi,821,2752.57,2259859.97,14,60 días,1
OC00068,2024-04-25,2024-05-13,PROV018 - Xiaomi Technology MX,SKU005,Xiaomi,800,2691.63,2153304.0,18,60 días,1
OC00069,2024-07-01,2024-07-15,PROV018 - Xiaomi Technology MX,SKU005,Xiaomi,721,2599.52,1874253.92,14,45 días,1
OC00070,2024-08-01,2024-08-19,PROV018 - Xiaomi Technology MX,SKU005,Xiaomi,1168,2760.69,3224485.92,18,60 días,1
OC00071,2024-10-23,2024-11-04,PROV018 - Xiaomi Technology MX,SKU005,Xiaomi,640,2676.91,1713222.4,12,Contado,1
OC00072,2024-11-16,2024-12-02,PROV018 - Xiaomi Technology MX,SKU005,Xiaomi,1497,2677.71,4008531.87,16,45 días,1
OC00073,2022-12-19,2023-01-02,PROV019 - Motorola Mobility MX,SKU006,Motorola,410,3262.17,1337489.7,14,Contado,1
OC00074,2023-01-23,2023-02-06,PROV019 - Motorola Mobility MX,SKU006,Motorola,384,3361.29,1290735.36,14,45 días,1
OC00075,2023-02-20,2023-03-06,PROV019 - Motorola Mobility MX,SKU006,Motorola,736,3136.14,2308199.04,14,30 días,1
OC00076,2023-04-04,2023-04-17,PROV019 - Motorola Mobility MX,SKU006,Motorola,799,3283.59,2623588.41,13,Contado,1
OC00077,2023-05-05,2023-05-15,PROV019 - Motorola Mobility MX,SKU006,Motorola,1111,3148.39,3497861.29,10,60 días,1
OC00078,2023-07-25,2023-08-07,PROV019 - Motorola Mobility MX,SKU006,Motorola,776,3390.41,2630958.16,13,30 días,1
OC00079,2023-08-16,2023-09-04,PROV019 - Motorola Mobility MX,SKU006,Motorola,831,3454.62,2870789.22,19,30 días,1
OC00080,2023-10-20,2023-10-30,PROV019 - Motorola Mobility MX,SKU006,Motorola,1365,3376.01,4608253.65,10,30 días,1
OC00081,2024-01-03,2024-01-22,PROV019 - Motorola Mobility MX,SKU006,Motorola,936,3404.56,3186668.16,19,30 días,1
OC00082,2024-02-27,2024-03-18,PROV019 - Motorola Mobility MX,SKU006,Motorola,880,3568.26,3140068.8,20,30 días,1
OC00083,2024-04-10,2024-04-29,PROV019 - Motorola Mobility MX,SKU006,Motorola,960,3087.2,2963712.0,19,60 días,1
OC00084,2024-06-14,2024-06-24,PROV019 - Motorola Mobility MX,SKU006,Motorola,666,3322.16,2212558.56,10,45 días,1
OC00085,2024-07-11,2024-07-29,PROV019 - Motorola Mobility MX,SKU006,Motorola,632,3287.93,2077971.76,18,45 días,1
OC00086,2024-08-31,2024-09-16,PROV019 - Motorola Mobility MX,SKU006,Motorola,856,3341.75,2860538.0,16,Contado,1
OC00087,2024-10-28,2024-11-11,PROV019 - Motorola Mobility MX,SKU006,Motorola,1862,3246.19,6044405.78,14,60 días,1
OC00088,2022-12-18,2023-01-02,PROV014 - HP Inc México,SKU007,HP,716,11344.53,8122683.48,15,60 días,1
OC00089,2023-02-24,2023-03-13,PROV014 - HP Inc México,SKU007,HP,651,11470.12,7467048.12,17,30 días,1
OC00090,2023-07-02,2023-07-17,PROV014 - HP Inc México,SKU007,HP,495,11424.78,5655266.1,15,30 días,1
OC00091,2023-07-24,2023-08-07,PROV014 - HP Inc México,SKU007,HP,1165,10739.71,12511762.15,14,30 días,1
OC00092,2023-11-27,2023-12-11,PROV014 - HP Inc México,SKU007,HP,295,11550.2,3407309.0,14,60 días,1
OC00093,2023-12-21,2024-01-08,PROV014 - HP Inc México,SKU007,HP,452,11034.25,4987481.0,18,Contado,1
OC00094,2024-02-03,2024-02-19,PROV014 - HP Inc México,SKU007,HP,227,11083.14,2515872.78,16,30 días,1
OC00095,2024-03-03,2024-03-18,PROV014 - HP Inc México,SKU007,HP,546,11057.12,6037187.52,15,30 días,1
OC00096,2024-06-11,2024-07-01,PROV014 - HP Inc México,SKU007,HP,508,11457.45,5820384.6,20,45 días,1
OC00097,2024-07-22,2024-08-05,PROV014 - HP Inc México,SKU007,HP,910,10733.17,9767184.7,14,60 días,1
OC00098,2024-10-10,2024-10-21,PROV014 - HP Inc México,SKU007,HP,508,11667.5,5927090.0,11,30 días,1
OC00099,2024-12-04,2024-12-23,PROV014 - HP Inc México,SKU007,HP,420,11995.1,5037942.0,19,30 días,1
OC00100,2022-12-21,2023-01-02,PROV015 - Lenovo México,SKU008,Lenovo,1217,9067.45,11035086.65,12,30 días,1
OC00101,2023-02-18,2023-03-06,PROV015 - Lenovo México,SKU008,Lenovo,1014,8784.22,8907199.08,16,60 días,1
OC00102,2023-07-04,2023-07-17,PROV015 - Lenovo México,SKU008,Lenovo,655,8631.68,5653750.4,13,60 días,1
OC00103,2023-07-16,2023-07-31,PROV015 - Lenovo México,SKU008,Lenovo,2351,9061.49,21303562.99,15,60 días,1
OC00104,2023-10-11,2023-10-30,PROV015 - Lenovo México,SKU008,Lenovo,1080,8965.45,9682686.0,19,Contado,1
OC00105,2023-12-15,2024-01-01,PROV015 - Lenovo México,SKU008,Lenovo,764,9323.43,7123100.52,17,30 días,1
OC00106,2023-12-27,2024-01-15,PROV015 - Lenovo México,SKU008,Lenovo,2023,9393.21,19002463.83,19,Contado,1
OC00107,2024-06-16,2024-07-01,PROV015 - Lenovo México,SKU008,Lenovo,1254,8723.28,10938993.12,15,Contado,1
OC00108,2024-07-28,2024-08-12,PROV015 - Lenovo México,SKU008,Lenovo,1827,9040.98,16517870.46,15,60 días,1
OC00109,2024-11-03,2024-11-18,PROV015 - Lenovo México,SKU008,Lenovo,978,8879.04,8683701.12,15,45 días,1
OC00110,2023-02-01,2023-02-06,PROV001 - Apple México Distribución,SKU009,Apple,301,20156.41,6067079.41,5,60 días,1
OC00111,2023-04-01,2023-04-10,PROV001 - Apple México Distribución,SKU009,Apple,160,18517.81,2962849.6,9,60 días,1
OC00112,2023-04-29,2023-05-08,PROV001 - Apple México Distribución,SKU009,Apple,819,19120.32,15659542.08,9,30 días,1
OC00113,2023-09-01,2023-09-11,PROV001 - Apple México Distribución,SKU009,Apple,288,19690.8,5670950.4,10,60 días,1
OC00114,2023-10-24,2023-10-30,PROV001 - Apple México Distribución,SKU009,Apple,731,20382.2,14899388.2,6,Contado,1
OC00115,2023-12-04,2023-12-11,PROV001 - Apple México Distribución,SKU009,Apple,598,19591.8,11715896.4,7,45 días,1
OC00116,2024-04-01,2024-04-08,PROV001 - Apple México Distribución,SKU009,Apple,234,20587.64,4817507.76,7,30 días,1
OC00117,2024-04-12,2024-04-22,PROV001 - Apple México Distribución,SKU009,Apple,338,19291.72,6520601.36,10,30 días,1
OC00118,2024-06-04,2024-06-10,PROV001 - Apple México Distribución,SKU009,Apple,713,19896.88,14186475.44,6,30 días,1
OC00119,2024-09-07,2024-09-16,PROV001 - Apple México Distribución,SKU009,Apple,343,19546.76,6704538.68,9,60 días,1
OC00120,2024-10-19,2024-10-28,PROV001 - Apple México Distribución,SKU009,Apple,743,20668.05,15356361.15,9,Contado,1
OC00121,2024-11-18,2024-11-25,PROV001 - Apple México Distribución,SKU009,Apple,1136,20901.18,23743740.48,7,Contado,1
OC00122,2022-12-19,2023-01-02,PROV002 - Samsung Electronics MX,SKU010,Samsung,1019,3334.22,3397570.18,14,Contado,1
OC00123,2023-01-10,2023-01-23,PROV002 - Samsung Electronics MX,SKU010,Samsung,1924,3383.37,6509603.88,13,60 días,1
OC00124,2023-06-14,2023-06-26,PROV002 - Samsung Electronics MX,SKU010,Samsung,514,3236.99,1663812.86,12,60 días,1
OC00125,2023-07-20,2023-07-31,PROV002 - Samsung Electronics MX,SKU010,Samsung,1260,3161.97,3984082.2,11,60 días,1
OC00126,2023-08-08,2023-08-21,PROV002 - Samsung Electronics MX,SKU010,Samsung,1481,3205.77,4747745.37,13,Contado,1
OC00127,2023-10-24,2023-11-06,PROV002 - Samsung Electronics MX,SKU010,Samsung,977,3134.97,3062865.69,13,45 días,1
OC00128,2023-12-11,2023-12-25,PROV002 - Samsung Electronics MX,SKU010,Samsung,906,3285.82,2976952.92,14,45 días,1
OC00129,2024-01-06,2024-01-15,PROV002 - Samsung Electronics MX,SKU010,Samsung,1804,3204.98,5781783.92,9,Contado,1
OC00130,2024-06-17,2024-06-24,PROV002 - Samsung Electronics MX,SKU010,Samsung,758,3152.68,2389731.44,7,Contado,1
OC00131,2024-07-18,2024-07-29,PROV002 - Samsung Electronics MX,SKU010,Samsung,1152,3253.28,3747778.56,11,60 días,1
OC00132,2024-08-19,2024-08-26,PROV002 - Samsung Electronics MX,SKU010,Samsung,2159,3049.97,6584885.23,7,Contado,1
OC00133,2024-10-21,2024-11-04,PROV002 - Samsung Electronics MX,SKU010,Samsung,1324,3274.4,4335305.6,14,30 días,1
OC00134,2023-01-19,2023-01-30,PROV002 - Samsung Electronics MX,SKU011,Samsung,224,7307.73,1636931.52,11,Contado,1
OC00135,2023-03-15,2023-03-27,PROV002 - Samsung Electronics MX,SKU011,Samsung,636,7702.19,4898592.84,12,Contado,1
OC00136,2023-06-29,2023-07-10,PROV002 - Samsung Electronics MX,SKU011,Samsung,659,7750.02,5107263.18,11,45 días,1
OC00137,2023-09-16,2023-09-25,PROV002 - Samsung Electronics MX,SKU011,Samsung,434,7447.75,3232323.5,9,60 días,1
OC00138,2023-11-03,2023-11-13,PROV002 - Samsung Electronics MX,SKU011,Samsung,1117,7615.32,8506312.44,10,Contado,1
OC00139,2024-03-21,2024-04-01,PROV002 - Samsung Electronics MX,SKU011,Samsung,537,7727.39,4149608.43,11,Contado,1
OC00140,2024-06-15,2024-06-24,PROV002 - Samsung Electronics MX,SKU011,Samsung,410,7450.95,3054889.5,9,45 días,1
OC00141,2024-08-30,2024-09-09,PROV002 - Samsung Electronics MX,SKU011,Samsung,415,7838.76,3253085.4,10,Contado,1
OC00142,2024-10-01,2024-10-14,PROV002 - Samsung Electronics MX,SKU011,Samsung,398,8081.67,3216504.66,13,45 días,1
OC00143,2024-11-12,2024-11-25,PROV002 - Samsung Electronics MX,SKU011,Samsung,1504,7687.49,11561984.96,13,Contado,1
OC00144,2024-11-24,2024-12-02,PROV002 - Samsung Electronics MX,SKU011,Samsung,146,7936.39,1158712.94,8,Contado,1
OC00145,2024-11-27,2024-12-09,PROV002 - Samsung Electronics MX,SKU011,Samsung,571,7761.7,4431930.7,12,Contado,1
OC00146,2022-12-23,2023-01-02,PROV003 - LG Electronics México,SKU012,LG,297,5806.09,1724408.73,10,Contado,1
OC00147,2023-02-06,2023-02-13,PROV003 - LG Electronics México,SKU012,LG,299,5853.05,1750061.95,7,45 días,1
OC00148,2023-03-06,2023-03-20,PROV003 - LG Electronics México,SKU012,LG,334,5811.03,1940884.02,14,45 días,1
OC00149,2023-03-25,2023-04-03,PROV003 - LG Electronics México,SKU012,LG,1100,5896.95,6486645.0,9,Contado,1
OC00150,2023-06-15,2023-06-26,PROV003 - LG Electronics México,SKU012,LG,394,5893.7,2322117.8,11,45 días,1
OC00151,2023-07-21,2023-07-31,PROV003 - LG Electronics México,SKU012,LG,588,6041.52,3552413.76,10,30 días,1
OC00152,2023-10-06,2023-10-16,PROV003 - LG Electronics México,SKU012,LG,179,5752.93,1029774.47,10,60 días,1
OC00153,2023-10-10,2023-10-23,PROV003 - LG Electronics México,SKU012,LG,700,5754.34,4028038.0,13,30 días,1
OC00154,2023-10-30,2023-11-06,PROV003 - LG Electronics México,SKU012,LG,1865,6022.05,11231123.25,7,Contado,1
OC00155,2024-02-17,2024-02-26,PROV003 - LG Electronics México,SKU012,LG,348,5858.25,2038671.0,9,Contado,1
OC00156,2024-03-19,2024-04-01,PROV003 - LG Electronics México,SKU012,LG,465,5828.37,2710192.05,13,Contado,1
OC00157,2024-04-22,2024-04-29,PROV003 - LG Electronics México,SKU012,LG,750,5427.87,4070902.5,7,60 días,1
OC00158,2024-07-05,2024-07-15,PROV003 - LG Electronics México,SKU012,LG,319,6125.44,1954015.36,10,Contado,1
OC00159,2024-07-26,2024-08-05,PROV003 - LG Electronics México,SKU012,LG,665,5756.61,3828145.65,10,60 días,1
OC00160,2024-09-09,2024-09-16,PROV003 - LG Electronics México,SKU012,LG,829,5900.38,4891415.02,7,Contado,1
OC00161,2024-10-22,2024-11-04,PROV003 - LG Electronics México,SKU012,LG,1043,5758.22,6005823.46,13,30 días,1
OC00162,2024-10-30,2024-11-11,PROV003 - LG Electronics México,SKU012,LG,2174,5972.45,12984106.3,12,45 días,1
OC00163,2022-12-18,2023-01-02,PROV020 - Hisense México,SKU013,Hisense,552,8684.58,4793888.16,15,45 días,1
OC00164,2023-02-20,2023-03-06,PROV020 - Hisense México,SKU013,Hisense,596,8200.17,4887301.32,14,30 días,1
OC00165,2023-04-05,2023-04-24,PROV020 - Hisense México,SKU013,Hisense,785,8853.37,6949895.45,19,30 días,1
OC00166,2023-06-13,2023-06-26,PROV020 - Hisense México,SKU013,Hisense,488,8074.79,3940497.52,13,60 días,1
OC00167,2023-07-07,2023-07-17,PROV020 - Hisense México,SKU013,Hisense,647,8428.62,5453317.14,10,Contado,1
OC00168,2023-08-22,2023-09-11,PROV020 - Hisense México,SKU013,Hisense,622,8196.06,5097949.32,20,Contado,1
OC00169,2023-10-14,2023-10-30,PROV020 - Hisense México,SKU013,Hisense,1143,8617.77,9850111.11,16,45 días,1
OC00170,2023-10-24,2023-11-13,PROV020 - Hisense México,SKU013,Hisense,2225,8856.61,19705957.25,20,60 días,1
OC00171,2024-04-26,2024-05-06,PROV020 - Hisense México,SKU013,Hisense,827,8545.45,7067087.15,10,60 días,1
OC00172,2024-06-28,2024-07-08,PROV020 - Hisense México,SKU013,Hisense,845,8301.47,7014742.15,10,45 días,1
OC00173,2024-08-08,2024-08-26,PROV020 - Hisense México,SKU013,Hisense,955,8245.47,7874423.85,18,45 días,1
OC00174,2024-10-15,2024-11-04,PROV020 - Hisense México,SKU013,Hisense,803,8951.01,7187661.03,20,45 días,1
OC00175,2024-11-15,2024-11-25,PROV020 - Hisense México,SKU013,Hisense,1828,8242.52,15067326.56,10,30 días,1
OC00176,2022-12-19,2023-01-02,PROV021 - TCL Electronics MX,SKU014,TCL,736,3203.67,2357901.12,14,30 días,1
OC00177,2023-02-11,2023-02-27,PROV021 - TCL Electronics MX,SKU014,TCL,608,3247.15,1974267.2,16,45 días,1
OC00178,2023-03-14,2023-04-03,PROV021 - TCL Electronics MX,SKU014,TCL,1127,3252.53,3665601.31,20,Contado,1
OC00179,2023-05-24,2023-06-05,PROV021 - TCL Electronics MX,SKU014,TCL,888,3231.09,2869207.92,12,Contado,1
OC00180,2023-07-21,2023-07-31,PROV021 - TCL Electronics MX,SKU014,TCL,661,3218.46,2127402.06,10,45 días,1
OC00181,2023-09-08,2023-09-18,PROV021 - TCL Electronics MX,SKU014,TCL,718,3280.89,2355679.02,10,30 días,1
OC00182,2023-10-27,2023-11-06,PROV021 - TCL Electronics MX,SKU014,TCL,521,3313.14,1726145.94,10,60 días,1
OC00183,2023-11-16,2023-12-04,PROV021 - TCL Electronics MX,SKU014,TCL,997,3314.9,3304955.3,18,45 días,1
OC00184,2024-01-29,2024-02-12,PROV021 - TCL Electronics MX,SKU014,TCL,1243,3115.32,3872342.76,14,Contado,1
OC00185,2024-04-25,2024-05-13,PROV021 - TCL Electronics MX,SKU014,TCL,585,3219.67,1883506.95,18,30 días,1
OC00186,2024-05-22,2024-06-10,PROV021 - TCL Electronics MX,SKU014,TCL,626,3266.69,2044947.94,19,30 días,1
OC00187,2024-07-07,2024-07-22,PROV021 - TCL Electronics MX,SKU014,TCL,715,3295.35,2356175.25,15,Contado,1
OC00188,2024-08-02,2024-08-12,PROV021 - TCL Electronics MX,SKU014,TCL,862,3316.41,2858745.42,10,30 días,1
OC00189,2024-09-24,2024-10-14,PROV021 - TCL Electronics MX,SKU014,TCL,857,3179.75,2725045.75,20,45 días,1
OC00190,2024-11-28,2024-12-09,PROV021 - TCL Electronics MX,SKU014,TCL,1034,3287.22,3398985.48,11,60 días,1
OC00191,2023-01-03,2023-01-16,PROV002 - Samsung Electronics MX,SKU015,Samsung,408,11077.45,4519599.6,13,60 días,1
OC00192,2023-02-13,2023-02-27,PROV002 - Samsung Electronics MX,SKU015,Samsung,474,10316.85,4890186.9,14,30 días,1
OC00193,2023-03-18,2023-03-27,PROV002 - Samsung Electronics MX,SKU015,Samsung,1053,10004.92,10535180.76,9,Contado,1
OC00194,2023-04-25,2023-05-08,PROV002 - Samsung Electronics MX,SKU015,Samsung,1895,10869.99,20598631.05,13,30 días,1
OC00195,2023-09-21,2023-10-02,PROV002 - Samsung Electronics MX,SKU015,Samsung,629,10483.79,6594303.91,11,45 días,1
OC00196,2023-11-09,2023-11-20,PROV002 - Samsung Electronics MX,SKU015,Samsung,534,10318.08,5509854.72,11,60 días,1
OC00197,2023-12-26,2024-01-08,PROV002 - Samsung Electronics MX,SKU015,Samsung,524,10966.81,5746608.44,13,Contado,1
OC00198,2024-03-03,2024-03-11,PROV002 - Samsung Electronics MX,SKU015,Samsung,391,9496.25,3713033.75,8,45 días,1
OC00199,2024-04-12,2024-04-22,PROV002 - Samsung Electronics MX,SKU015,Samsung,489,10337.21,5054895.69,10,30 días,1
OC00200,2024-05-02,2024-05-13,PROV002 - Samsung Electronics MX,SKU015,Samsung,1224,9955.85,12185960.4,11,Contado,1
OC00201,2024-05-20,2024-06-03,PROV002 - Samsung Electronics MX,SKU015,Samsung,92,10990.93,1011165.56,14,Contado,1
OC00202,2024-06-01,2024-06-10,PROV002 - Samsung Electronics MX,SKU015,Samsung,663,10302.84,6830782.92,9,45 días,1
OC00203,2024-06-06,2024-06-17,PROV002 - Samsung Electronics MX,SKU015,Samsung,1463,10038.62,14686501.06,11,45 días,1
OC00204,2024-09-30,2024-10-14,PROV002 - Samsung Electronics MX,SKU015,Samsung,432,9967.39,4305912.48,14,30 días,1
OC00205,2024-11-02,2024-11-11,PROV002 - Samsung Electronics MX,SKU015,Samsung,882,10855.62,9574656.84,9,30 días,1
OC00206,2022-12-24,2023-01-02,PROV003 - LG Electronics México,SKU016,LG,212,10018.62,2123947.44,9,45 días,1
OC00207,2023-01-14,2023-01-23,PROV003 - LG Electronics México,SKU016,LG,575,9390.61,5399600.75,9,30 días,1
OC00208,2023-02-21,2023-03-06,PROV003 - LG Electronics México,SKU016,LG,454,9459.25,4294499.5,13,45 días,1
OC00209,2023-03-23,2023-04-03,PROV003 - LG Electronics México,SKU016,LG,916,9280.13,8500599.08,11,Contado,1
OC00210,2023-04-24,2023-05-01,PROV003 - LG Electronics México,SKU016,LG,3427,9714.05,33290049.35,7,Contado,1
OC00211,2023-08-31,2023-09-11,PROV003 - LG Electronics México,SKU016,LG,1277,9248.51,11810347.27,11,30 días,1
OC00212,2023-11-04,2023-11-13,PROV003 - LG Electronics México,SKU016,LG,1541,9181.6,14148845.6,9,45 días,1
OC00213,2024-02-23,2024-03-04,PROV003 - LG Electronics México,SKU016,LG,1190,9306.06,11074211.4,10,60 días,1
OC00214,2024-04-15,2024-04-29,PROV003 - LG Electronics México,SKU016,LG,1128,9637.35,10870930.8,14,45 días,1
OC00215,2024-05-18,2024-05-27,PROV003 - LG Electronics México,SKU016,LG,1943,9651.73,18753311.39,9,Contado,1
OC00216,2024-07-23,2024-08-05,PROV003 - LG Electronics México,SKU016,LG,1198,9070.76,10866770.48,13,Contado,1
OC00217,2024-09-25,2024-10-07,PROV003 - LG Electronics México,SKU016,LG,514,9406.67,4835028.38,12,45 días,1
OC00218,2024-11-04,2024-11-11,PROV003 - LG Electronics México,SKU016,LG,1171,8713.21,10203168.91,7,30 días,1
OC00219,2022-12-24,2023-01-02,PROV011 - Whirlpool México,SKU017,Whirlpool,814,5637.89,4589242.46,9,Contado,1
OC00220,2023-02-24,2023-03-06,PROV011 - Whirlpool México,SKU017,Whirlpool,531,5782.98,3070762.38,10,60 días,1
OC00221,2023-03-17,2023-03-27,PROV011 - Whirlpool México,SKU017,Whirlpool,1067,5677.44,6057828.48,10,Contado,1
OC00222,2023-05-15,2023-05-22,PROV011 - Whirlpool México,SKU017,Whirlpool,969,5852.3,5670878.7,7,60 días,1
OC00223,2023-08-02,2023-08-14,PROV011 - Whirlpool México,SKU017,Whirlpool,571,6088.89,3476756.19,12,Contado,1
OC00224,2023-08-31,2023-09-11,PROV011 - Whirlpool México,SKU017,Whirlpool,902,5901.26,5322936.52,11,45 días,1
OC00225,2023-10-18,2023-10-30,PROV011 - Whirlpool México,SKU017,Whirlpool,787,6139.58,4831849.46,12,30 días,1
OC00226,2023-11-13,2023-11-27,PROV011 - Whirlpool México,SKU017,Whirlpool,1502,5768.73,8664632.46,14,30 días,1
OC00227,2024-02-17,2024-02-26,PROV011 - Whirlpool México,SKU017,Whirlpool,853,5803.12,4950061.36,9,60 días,1
OC00228,2024-04-03,2024-04-15,PROV011 - Whirlpool México,SKU017,Whirlpool,746,5979.85,4460968.1,12,Contado,1
OC00229,2024-05-23,2024-06-03,PROV011 - Whirlpool México,SKU017,Whirlpool,712,6092.96,4338187.52,11,30 días,1
OC00230,2024-07-12,2024-07-22,PROV011 - Whirlpool México,SKU017,Whirlpool,1076,5947.45,6399456.2,10,30 días,1
OC00231,2024-09-02,2024-09-09,PROV011 - Whirlpool México,SKU017,Whirlpool,866,6014.73,5208756.18,7,Contado,1
OC00232,2024-10-26,2024-11-04,PROV011 - Whirlpool México,SKU017,Whirlpool,968,5821.27,5634989.36,9,60 días,1
OC00233,2024-12-11,2024-12-23,PROV011 - Whirlpool México,SKU017,Whirlpool,1388,5641.27,7830082.76,12,30 días,1
OC00234,2022-12-25,2023-01-02,PROV003 - LG Electronics México,SKU018,LG,894,2763.81,2470846.14,8,60 días,1
OC00235,2023-02-17,2023-02-27,PROV003 - LG Electronics México,SKU018,LG,742,2667.19,1979054.98,10,45 días,1
OC00236,2023-04-02,2023-04-10,PROV003 - LG Electronics México,SKU018,LG,1117,2697.03,3012582.51,8,Contado,1
OC00237,2023-05-22,2023-05-29,PROV003 - LG Electronics México,SKU018,LG,1025,2555.82,2619715.5,7,60 días,1
OC00238,2023-07-23,2023-07-31,PROV003 - LG Electronics México,SKU018,LG,980,2873.27,2815804.6,8,Contado,1
OC00239,2023-09-04,2023-09-18,PROV003 - LG Electronics México,SKU018,LG,915,2766.83,2531649.45,14,60 días,1
OC00240,2023-10-19,2023-10-30,PROV003 - LG Electronics México,SKU018,LG,915,2814.02,2574828.3,11,45 días,1
OC00241,2023-11-14,2023-11-27,PROV003 - LG Electronics México,SKU018,LG,1810,2805.89,5078660.9,13,60 días,1
OC00242,2024-03-31,2024-04-08,PROV003 - LG Electronics México,SKU018,LG,517,2707.17,1399606.89,8,30 días,1
OC00243,2024-04-27,2024-05-06,PROV003 - LG Electronics México,SKU018,LG,914,2519.77,2303069.78,9,60 días,1
OC00244,2024-05-28,2024-06-10,PROV003 - LG Electronics México,SKU018,LG,936,2703.52,2530494.72,13,Contado,1
OC00245,2024-07-21,2024-07-29,PROV003 - LG Electronics México,SKU018,LG,1035,2643.44,2735960.4,8,Contado,1
OC00246,2024-09-20,2024-09-30,PROV003 - LG Electronics México,SKU018,LG,1084,2812.68,3048945.12,10,60 días,1
OC00247,2024-11-06,2024-11-18,PROV003 - LG Electronics México,SKU018,LG,689,2756.29,1899083.81,12,45 días,1
OC00248,2024-11-26,2024-12-09,PROV003 - LG Electronics México,SKU018,LG,1542,2728.29,4207023.18,13,45 días,1
OC00249,2022-12-19,2023-01-02,PROV002 - Samsung Electronics MX,SKU019,Samsung,411,6299.67,2589164.37,14,60 días,1
OC00250,2023-01-29,2023-02-06,PROV002 - Samsung Electronics MX,SKU019,Samsung,955,6317.1,6032830.5,8,Contado,1
OC00251,2023-04-12,2023-04-24,PROV002 - Samsung Electronics MX,SKU019,Samsung,558,6171.76,3443842.08,12,60 días,1
OC00252,2023-04-23,2023-05-01,PROV002 - Samsung Electronics MX,SKU019,Samsung,1521,6288.33,9564549.93,8,45 días,1
OC00253,2023-06-19,2023-06-26,PROV002 - Samsung Electronics MX,SKU019,Samsung,1787,6485.64,11589838.68,7,60 días,1
OC00254,2023-09-29,2023-10-09,PROV002 - Samsung Electronics MX,SKU019,Samsung,682,6332.98,4319092.36,10,45 días,1
OC00255,2024-01-06,2024-01-15,PROV002 - Samsung Electronics MX,SKU019,Samsung,318,6558.09,2085472.62,9,45 días,1
OC00256,2024-01-29,2024-02-12,PROV002 - Samsung Electronics MX,SKU019,Samsung,501,6640.63,3326955.63,14,Contado,1
OC00257,2024-02-23,2024-03-04,PROV002 - Samsung Electronics MX,SKU019,Samsung,691,6573.86,4542537.26,10,30 días,1
OC00258,2024-04-18,2024-04-29,PROV002 - Samsung Electronics MX,SKU019,Samsung,1195,6882.26,8224300.7,11,Contado,1
OC00259,2024-05-16,2024-05-27,PROV002 - Samsung Electronics MX,SKU019,Samsung,1682,6449.31,10847739.42,11,60 días,1
OC00260,2024-07-22,2024-08-05,PROV002 - Samsung Electronics MX,SKU019,Samsung,1462,6742.73,9857871.26,14,45 días,1
OC00261,2024-11-18,2024-12-02,PROV002 - Samsung Electronics MX,SKU019,Samsung,223,6753.59,1506050.57,14,Contado,1
OC00262,2022-12-10,2023-01-02,PROV004 - Nike de México,SKU020,Nike,495,1388.04,687079.8,23,60 días,1
OC00263,2023-02-20,2023-03-06,PROV004 - Nike de México,SKU020,Nike,436,1469.52,640710.72,14,60 días,1
OC00264,2023-03-10,2023-03-27,PROV004 - Nike de México,SKU020,Nike,654,1523.46,996342.84,17,60 días,1
OC00265,2023-04-27,2023-05-22,PROV004 - Nike de México,SKU020,Nike,348,1430.37,497768.76,25,Contado,1
OC00266,2023-06-03,2023-06-19,PROV004 - Nike de México,SKU020,Nike,868,1406.92,1221206.56,16,45 días,1
OC00267,2023-08-04,2023-08-21,PROV004 - Nike de México,SKU020,Nike,1464,1467.67,2148668.88,17,30 días,1
OC00268,2023-10-24,2023-11-13,PROV004 - Nike de México,SKU020,Nike,2091,1459.3,3051396.3,20,Contado,1
OC00269,2024-04-01,2024-04-15,PROV004 - Nike de México,SKU020,Nike,763,1559.57,1189951.91,14,Contado,1
OC00270,2024-04-30,2024-05-27,PROV004 - Nike de México,SKU020,Nike,536,1500.49,804262.64,27,Contado,1
OC00271,2024-06-23,2024-07-08,PROV004 - Nike de México,SKU020,Nike,582,1477.34,859811.88,15,Contado,1
OC00272,2024-07-21,2024-08-05,PROV004 - Nike de México,SKU020,Nike,1040,1410.17,1466576.8,15,45 días,1
OC00273,2024-09-26,2024-10-21,PROV004 - Nike de México,SKU020,Nike,1003,1375.23,1379355.69,25,30 días,1
OC00274,2024-11-12,2024-12-09,PROV004 - Nike de México,SKU020,Nike,1668,1509.45,2517762.6,27,45 días,1
OC00275,2022-12-08,2023-01-02,PROV005 - Puma Sports MX,SKU021,Puma,486,1267.14,615830.04,25,45 días,1
OC00276,2023-01-13,2023-01-30,PROV005 - Puma Sports MX,SKU021,Puma,897,1246.95,1118514.15,17,Contado,1
OC00277,2023-03-05,2023-03-20,PROV005 - Puma Sports MX,SKU021,Puma,558,1250.73,697907.34,15,Contado,1
OC00278,2023-03-20,2023-04-17,PROV005 - Puma Sports MX,SKU021,Puma,1431,1275.09,1824653.79,28,30 días,1
OC00279,2023-05-27,2023-06-12,PROV005 - Puma Sports MX,SKU021,Puma,1380,1223.99,1689106.2,16,30 días,1
OC00280,2023-07-16,2023-07-31,PROV005 - Puma Sports MX,SKU021,Puma,1168,1154.12,1348012.16,15,45 días,1
OC00281,2023-09-11,2023-09-25,PROV005 - Puma Sports MX,SKU021,Puma,1234,1222.99,1509169.66,14,60 días,1
OC00282,2023-10-18,2023-11-06,PROV005 - Puma Sports MX,SKU021,Puma,1488,1245.1,1852708.8,19,60 días,1
OC00283,2023-12-01,2023-12-25,PROV005 - Puma Sports MX,SKU021,Puma,1658,1206.46,2000310.68,24,Contado,1
OC00284,2024-03-20,2024-04-08,PROV005 - Puma Sports MX,SKU021,Puma,1194,1248.83,1491103.02,19,45 días,1
OC00285,2024-04-29,2024-05-20,PROV005 - Puma Sports MX,SKU021,Puma,1249,1335.2,1667664.8,21,60 días,1
OC00286,2024-07-18,2024-08-05,PROV005 - Puma Sports MX,SKU021,Puma,429,1247.28,535083.12,18,45 días,1
OC00287,2024-08-14,2024-09-02,PROV005 - Puma Sports MX,SKU021,Puma,1181,1192.32,1408129.92,19,60 días,1
OC00288,2024-10-04,2024-10-21,PROV005 - Puma Sports MX,SKU021,Puma,1257,1256.86,1579873.02,17,30 días,1
OC00289,2024-11-18,2024-12-02,PROV005 - Puma Sports MX,SKU021,Puma,1822,1258.06,2292185.32,14,60 días,1
OC00290,2022-12-22,2023-01-02,PROV006 - LOB Footwear México,SKU022,LOB,513,1043.49,535310.37,11,Contado,1
OC00291,2023-01-25,2023-02-06,PROV006 - LOB Footwear México,SKU022,LOB,565,1001.44,565813.6,12,45 días,1
OC00292,2023-03-01,2023-03-13,PROV006 - LOB Footwear México,SKU022,LOB,830,1067.84,886307.2,12,Contado,1
OC00293,2023-04-12,2023-04-24,PROV006 - LOB Footwear México,SKU022,LOB,1150,1119.02,1286873.0,12,30 días,1
OC00294,2023-05-31,2023-06-12,PROV006 - LOB Footwear México,SKU022,LOB,1368,1084.99,1484266.32,12,Contado,1
OC00295,2023-08-24,2023-09-04,PROV006 - LOB Footwear México,SKU022,LOB,616,1079.84,665181.44,11,45 días,1
OC00296,2023-09-14,2023-09-25,PROV006 - LOB Footwear México,SKU022,LOB,1096,999.59,1095550.64,11,60 días,1
OC00297,2023-10-31,2023-11-13,PROV006 - LOB Footwear México,SKU022,LOB,1402,1028.14,1441452.28,13,Contado,1
OC00298,2024-01-10,2024-01-22,PROV006 - LOB Footwear México,SKU022,LOB,595,1015.08,603972.6,12,Contado,1
OC00299,2024-02-17,2024-02-26,PROV006 - LOB Footwear México,SKU022,LOB,785,1040.59,816863.15,9,60 días,1
OC00300,2024-03-26,2024-04-08,PROV006 - LOB Footwear México,SKU022,LOB,1039,1070.57,1112322.23,13,30 días,1
OC00301,2024-05-27,2024-06-03,PROV006 - LOB Footwear México,SKU022,LOB,655,1067.95,699507.25,7,45 días,1
OC00302,2024-07-03,2024-07-15,PROV006 - LOB Footwear México,SKU022,LOB,1110,1049.1,1164501.0,12,Contado,1
OC00303,2024-07-24,2024-08-05,PROV006 - LOB Footwear México,SKU022,LOB,1272,1011.7,1286882.4,12,45 días,1
OC00304,2024-11-11,2024-11-18,PROV006 - LOB Footwear México,SKU022,LOB,785,1071.86,841410.1,7,45 días,1
OC00305,2024-12-05,2024-12-16,PROV006 - LOB Footwear México,SKU022,LOB,1183,1061.81,1256121.23,11,Contado,1
OC00306,2022-12-21,2023-01-02,PROV007 - Andrea Distribución,SKU023,Andrea,2413,723.43,1745636.59,12,60 días,1
OC00307,2023-05-29,2023-06-05,PROV007 - Andrea Distribución,SKU023,Andrea,210,808.79,169845.9,7,60 días,1
OC00308,2023-07-06,2023-07-17,PROV007 - Andrea Distribución,SKU023,Andrea,241,770.07,185586.87,11,60 días,1
OC00309,2023-07-31,2023-08-07,PROV007 - Andrea Distribución,SKU023,Andrea,432,792.75,342468.0,7,45 días,1
OC00310,2023-08-31,2023-09-11,PROV007 - Andrea Distribución,SKU023,Andrea,654,775.13,506935.02,11,Contado,1
OC00311,2023-09-23,2023-10-02,PROV007 - Andrea Distribución,SKU023,Andrea,2086,803.85,1676831.1,9,60 días,1
OC00312,2023-11-10,2023-11-20,PROV007 - Andrea Distribución,SKU023,Andrea,1480,807.9,1195692.0,10,Contado,1
OC00313,2023-12-24,2024-01-01,PROV007 - Andrea Distribución,SKU023,Andrea,1477,808.96,1194833.92,8,30 días,1
OC00314,2024-03-16,2024-03-25,PROV007 - Andrea Distribución,SKU023,Andrea,951,804.16,764756.16,9,60 días,1
OC00315,2024-07-18,2024-07-29,PROV007 - Andrea Distribución,SKU023,Andrea,347,805.26,279425.22,11,30 días,1
OC00316,2024-07-31,2024-08-12,PROV007 - Andrea Distribución,SKU023,Andrea,1009,787.61,794698.49,12,60 días,1
OC00317,2024-09-20,2024-09-30,PROV007 - Andrea Distribución,SKU023,Andrea,2355,803.75,1892831.25,10,30 días,1
OC00318,2024-11-21,2024-12-02,PROV007 - Andrea Distribución,SKU023,Andrea,1819,818.03,1487996.57,11,30 días,1
OC00319,2022-12-20,2023-01-02,PROV022 - Adidas México,SKU024,Adidas,958,1100.5,1054279.0,13,45 días,1
OC00320,2023-01-29,2023-02-13,PROV022 - Adidas México,SKU024,Adidas,798,1100.82,878454.36,15,45 días,1
OC00321,2023-03-19,2023-04-03,PROV022 - Adidas México,SKU024,Adidas,786,1067.67,839188.62,15,30 días,1
OC00322,2023-05-05,2023-05-15,PROV022 - Adidas México,SKU024,Adidas,760,1118.96,850409.6,10,45 días,1
OC00323,2023-06-09,2023-06-19,PROV022 - Adidas México,SKU024,Adidas,831,1135.7,943766.7,10,30 días,1
OC00324,2023-07-21,2023-07-31,PROV022 - Adidas México,SKU024,Adidas,544,1129.09,614224.96,10,60 días,1
OC00325,2023-08-07,2023-08-21,PROV022 - Adidas México,SKU024,Adidas,1576,1092.17,1721259.92,14,60 días,1
OC00326,2023-10-20,2023-11-06,PROV022 - Adidas México,SKU024,Adidas,747,1136.14,848696.58,17,60 días,1
OC00327,2023-11-28,2023-12-11,PROV022 - Adidas México,SKU024,Adidas,1749,1102.65,1928534.85,13,30 días,1
OC00328,2024-03-09,2024-03-25,PROV022 - Adidas México,SKU024,Adidas,940,1048.34,985439.6,16,30 días,1
OC00329,2024-05-07,2024-05-20,PROV022 - Adidas México,SKU024,Adidas,1035,1130.83,1170409.05,13,Contado,1
OC00330,2024-06-15,2024-07-01,PROV022 - Adidas México,SKU024,Adidas,1811,1066.55,1931522.05,16,Contado,1
OC00331,2024-10-06,2024-10-21,PROV022 - Adidas México,SKU024,Adidas,910,1077.21,980261.1,15,Contado,1
OC00332,2024-10-23,2024-11-11,PROV022 - Adidas México,SKU024,Adidas,1414,1099.26,1554353.64,19,45 días,1
OC00333,2022-12-12,2023-01-02,PROV004 - Nike de México,SKU025,Nike,595,1012.25,602288.75,21,Contado,1
OC00334,2023-01-20,2023-02-06,PROV004 - Nike de México,SKU025,Nike,872,1023.25,892274.0,17,45 días,1
OC00335,2023-04-01,2023-04-24,PROV004 - Nike de México,SKU025,Nike,288,948.52,273173.76,23,45 días,1
OC00336,2023-04-13,2023-05-01,PROV004 - Nike de México,SKU025,Nike,770,1013.91,780710.7,18,45 días,1
OC00337,2023-06-14,2023-07-03,PROV004 - Nike de México,SKU025,Nike,476,953.87,454042.12,19,45 días,1
OC00338,2023-07-08,2023-07-31,PROV004 - Nike de México,SKU025,Nike,729,1004.19,732054.51,23,Contado,1
OC00339,2023-08-25,2023-09-18,PROV004 - Nike de México,SKU025,Nike,794,998.65,792928.1,24,30 días,1
OC00340,2023-10-09,2023-10-30,PROV004 - Nike de México,SKU025,Nike,1049,935.98,981843.02,21,45 días,1
OC00341,2023-12-15,2024-01-08,PROV004 - Nike de México,SKU025,Nike,628,1065.68,669247.04,24,45 días,1
OC00342,2024-02-12,2024-03-04,PROV004 - Nike de México,SKU025,Nike,573,939.87,538545.51,21,30 días,1
OC00343,2024-03-19,2024-04-08,PROV004 - Nike de México,SKU025,Nike,658,1004.53,660980.74,20,Contado,1
OC00344,2024-04-28,2024-05-20,PROV004 - Nike de México,SKU025,Nike,592,991.06,586707.52,22,60 días,1
OC00345,2024-06-20,2024-07-15,PROV004 - Nike de México,SKU025,Nike,532,992.31,527908.92,25,60 días,1
OC00346,2024-07-18,2024-08-12,PROV004 - Nike de México,SKU025,Nike,515,945.99,487184.85,25,60 días,1
OC00347,2024-09-03,2024-09-30,PROV004 - Nike de México,SKU025,Nike,787,1015.94,799544.78,27,60 días,1
OC00348,2024-10-15,2024-11-11,PROV004 - Nike de México,SKU025,Nike,812,1070.81,869497.72,27,45 días,1
OC00349,2024-11-24,2024-12-09,PROV004 - Nike de México,SKU025,Nike,995,997.02,992034.9,15,60 días,1
OC00350,2022-12-26,2023-01-02,PROV007 - Andrea Distribución,SKU026,Andrea,395,504.03,199091.85,7,Contado,1
OC00351,2023-01-21,2023-01-30,PROV007 - Andrea Distribución,SKU026,Andrea,800,498.86,399088.0,9,45 días,1
OC00352,2023-03-25,2023-04-03,PROV007 - Andrea Distribución,SKU026,Andrea,890,513.82,457299.8,9,30 días,1
OC00353,2023-04-24,2023-05-01,PROV007 - Andrea Distribución,SKU026,Andrea,2338,514.52,1202947.76,7,60 días,1
OC00354,2023-07-03,2023-07-10,PROV007 - Andrea Distribución,SKU026,Andrea,1258,479.72,603487.76,7,Contado,1
OC00355,2023-09-09,2023-09-18,PROV007 - Andrea Distribución,SKU026,Andrea,791,485.05,383674.55,9,Contado,1
OC00356,2023-11-18,2023-11-27,PROV007 - Andrea Distribución,SKU026,Andrea,324,487.81,158050.44,9,60 días,1
OC00357,2023-12-25,2024-01-01,PROV007 - Andrea Distribución,SKU026,Andrea,384,501.67,192641.28,7,45 días,1
OC00358,2024-01-28,2024-02-05,PROV007 - Andrea Distribución,SKU026,Andrea,616,514.56,316968.96,8,30 días,1
OC00359,2024-03-16,2024-03-25,PROV007 - Andrea Distribución,SKU026,Andrea,651,463.12,301491.12,9,45 días,1
OC00360,2024-04-17,2024-04-29,PROV007 - Andrea Distribución,SKU026,Andrea,785,506.67,397735.95,12,30 días,1
OC00361,2024-05-20,2024-05-27,PROV007 - Andrea Distribución,SKU026,Andrea,873,523.3,456840.9,7,30 días,1
OC00362,2024-06-22,2024-07-01,PROV007 - Andrea Distribución,SKU026,Andrea,2294,494.85,1135185.9,9,45 días,1
OC00363,2022-12-22,2023-01-02,PROV006 - LOB Footwear México,SKU027,LOB,792,1147.24,908614.08,11,45 días,1
OC00364,2023-01-16,2023-01-23,PROV006 - LOB Footwear México,SKU027,LOB,1374,1183.9,1626678.6,7,Contado,1
OC00365,2023-07-19,2023-07-31,PROV006 - LOB Footwear México,SKU027,LOB,478,1176.38,562309.64,12,45 días,1
OC00366,2023-08-24,2023-09-04,PROV006 - LOB Footwear México,SKU027,LOB,758,1138.01,862611.58,11,30 días,1
OC00367,2023-09-18,2023-10-02,PROV006 - LOB Footwear México,SKU027,LOB,2174,1164.06,2530666.44,14,Contado,1
OC00368,2023-11-13,2023-11-20,PROV006 - LOB Footwear México,SKU027,LOB,1736,1041.1,1807349.6,7,60 días,1
OC00369,2023-12-26,2024-01-08,PROV006 - LOB Footwear México,SKU027,LOB,1182,1163.34,1375067.88,13,30 días,1
OC00370,2024-04-01,2024-04-15,PROV006 - LOB Footwear México,SKU027,LOB,836,1150.64,961935.04,14,60 días,1
OC00371,2024-07-29,2024-08-05,PROV006 - LOB Footwear México,SKU027,LOB,582,1205.66,701694.12,7,60 días,1
OC00372,2024-09-12,2024-09-23,PROV006 - LOB Footwear México,SKU027,LOB,587,1206.73,708350.51,11,45 días,1
OC00373,2024-09-20,2024-09-30,PROV006 - LOB Footwear México,SKU027,LOB,1571,1144.2,1797538.2,10,30 días,1
OC00374,2024-11-16,2024-11-25,PROV006 - LOB Footwear México,SKU027,LOB,2122,1196.44,2538845.68,9,60 días,1
OC00375,2023-01-03,2023-01-16,PROV023 - Calzado Flexi,SKU028,Flexi,447,635.36,284005.92,13,30 días,1
OC00376,2023-01-31,2023-02-13,PROV023 - Calzado Flexi,SKU028,Flexi,528,650.19,343300.32,13,60 días,1
OC00377,2023-02-19,2023-03-06,PROV023 - Calzado Flexi,SKU028,Flexi,788,675.01,531907.88,15,Contado,1
OC00378,2023-04-26,2023-05-08,PROV023 - Calzado Flexi,SKU028,Flexi,1100,654.28,719708.0,12,30 días,1
OC00379,2023-07-07,2023-07-17,PROV023 - Calzado Flexi,SKU028,Flexi,833,662.91,552204.03,10,Contado,1
OC00380,2023-09-13,2023-09-25,PROV023 - Calzado Flexi,SKU028,Flexi,982,650.26,638555.32,12,45 días,1
OC00381,2023-10-15,2023-10-30,PROV023 - Calzado Flexi,SKU028,Flexi,1478,637.49,942210.22,15,60 días,1
OC00382,2023-12-27,2024-01-15,PROV023 - Calzado Flexi,SKU028,Flexi,724,646.04,467732.96,19,60 días,1
OC00383,2024-03-13,2024-03-25,PROV023 - Calzado Flexi,SKU028,Flexi,692,639.87,442790.04,12,45 días,1
OC00384,2024-04-19,2024-05-06,PROV023 - Calzado Flexi,SKU028,Flexi,804,640.41,514889.64,17,30 días,1
OC00385,2024-06-25,2024-07-08,PROV023 - Calzado Flexi,SKU028,Flexi,457,676.07,308963.99,13,60 días,1
OC00386,2024-07-23,2024-08-05,PROV023 - Calzado Flexi,SKU028,Flexi,903,633.92,572429.76,13,45 días,1
OC00387,2024-09-17,2024-09-30,PROV023 - Calzado Flexi,SKU028,Flexi,436,625.75,272827.0,13,60 días,1
OC00388,2024-10-10,2024-10-28,PROV023 - Calzado Flexi,SKU028,Flexi,420,687.45,288729.0,18,45 días,1
OC00389,2024-10-28,2024-11-11,PROV023 - Calzado Flexi,SKU028,Flexi,2440,647.73,1580461.2,14,30 días,1
OC00390,2022-12-15,2023-01-02,PROV008 - VF Corporation MX,SKU029,Lee,1007,569.96,573949.72,18,Contado,1
OC00391,2023-02-18,2023-03-06,PROV008 - VF Corporation MX,SKU029,Lee,861,574.24,494420.64,16,Contado,1
OC00392,2023-04-08,2023-04-24,PROV008 - VF Corporation MX,SKU029,Lee,558,553.23,308702.34,16,45 días,1
OC00393,2023-04-28,2023-05-15,PROV008 - VF Corporation MX,SKU029,Lee,1076,565.57,608553.32,17,Contado,1
OC00394,2023-07-07,2023-07-24,PROV008 - VF Corporation MX,SKU029,Lee,888,542.31,481571.28,17,30 días,1
OC00395,2023-09-02,2023-09-18,PROV008 - VF Corporation MX,SKU029,Lee,1020,532.08,542721.6,16,60 días,1
OC00396,2023-10-22,2023-11-06,PROV008 - VF Corporation MX,SKU029,Lee,1229,554.91,681984.39,15,60 días,1
OC00397,2023-12-22,2024-01-08,PROV008 - VF Corporation MX,SKU029,Lee,1266,583.53,738748.98,17,Contado,1
OC00398,2024-03-18,2024-04-08,PROV008 - VF Corporation MX,SKU029,Lee,612,521.89,319396.68,21,60 días,1
OC00399,2024-04-25,2024-05-13,PROV008 - VF Corporation MX,SKU029,Lee,974,560.99,546404.26,18,30 días,1
OC00400,2024-05-28,2024-06-17,PROV008 - VF Corporation MX,SKU029,Lee,742,543.13,403002.46,20,Contado,1
OC00401,2024-07-22,2024-08-12,PROV008 - VF Corporation MX,SKU029,Lee,726,520.69,378020.94,21,60 días,1
OC00402,2024-09-09,2024-09-23,PROV008 - VF Corporation MX,SKU029,Lee,746,548.85,409442.1,14,45 días,1
OC00403,2024-10-10,2024-10-28,PROV008 - VF Corporation MX,SKU029,Lee,947,542.01,513283.47,18,Contado,1
OC00404,2024-12-09,2024-12-23,PROV008 - VF Corporation MX,SKU029,Lee,957,538.19,515047.83,14,60 días,1
OC00405,2023-01-13,2023-01-23,PROV008 - VF Corporation MX,SKU030,Levi's,405,359.84,145735.2,10,45 días,1
OC00406,2023-02-02,2023-02-13,PROV008 - VF Corporation MX,SKU030,Levi's,769,359.69,276601.61,11,Contado,1
OC00407,2023-03-16,2023-04-03,PROV008 - VF Corporation MX,SKU030,Levi's,1133,335.51,380132.83,18,30 días,1
OC00408,2023-04-26,2023-05-15,PROV008 - VF Corporation MX,SKU030,Levi's,1556,379.16,589972.96,19,60 días,1
OC00409,2023-08-19,2023-09-04,PROV008 - VF Corporation MX,SKU030,Levi's,869,376.36,327056.84,16,45 días,1
OC00410,2023-09-19,2023-10-09,PROV008 - VF Corporation MX,SKU030,Levi's,1176,377.33,443740.08,20,60 días,1
OC00411,2023-12-06,2023-12-25,PROV008 - VF Corporation MX,SKU030,Levi's,784,360.31,282483.04,19,45 días,1
OC00412,2024-02-08,2024-02-26,PROV008 - VF Corporation MX,SKU030,Levi's,683,361.61,246979.63,18,30 días,1
OC00413,2024-03-20,2024-04-08,PROV008 - VF Corporation MX,SKU030,Levi's,933,373.26,348251.58,19,45 días,1
OC00414,2024-05-07,2024-05-20,PROV008 - VF Corporation MX,SKU030,Levi's,626,378.95,237222.7,13,Contado,1
OC00415,2024-06-12,2024-06-24,PROV008 - VF Corporation MX,SKU030,Levi's,1044,374.77,391259.88,12,30 días,1
OC00416,2024-08-18,2024-09-02,PROV008 - VF Corporation MX,SKU030,Levi's,835,360.7,301184.5,15,30 días,1
OC00417,2024-09-25,2024-10-14,PROV008 - VF Corporation MX,SKU030,Levi's,711,362.67,257858.37,19,45 días,1
OC00418,2024-11-05,2024-11-18,PROV008 - VF Corporation MX,SKU030,Levi's,1138,371.2,422425.6,13,30 días,1
OC00419,2022-12-17,2023-01-02,PROV037 - Aéropostale MX,SKU031,Aéropostale,1598,939.75,1501720.5,16,Contado,1
OC00420,2023-03-02,2023-03-13,PROV037 - Aéropostale MX,SKU031,Aéropostale,914,960.73,878107.22,11,30 días,1
OC00421,2023-07-11,2023-07-31,PROV037 - Aéropostale MX,SKU031,Aéropostale,753,916.38,690034.14,20,30 días,1
OC00422,2023-09-15,2023-10-02,PROV037 - Aéropostale MX,SKU031,Aéropostale,473,904.07,427625.11,17,Contado,1
OC00423,2023-09-19,2023-10-09,PROV037 - Aéropostale MX,SKU031,Aéropostale,2956,936.83,2769269.48,20,Contado,1
OC00424,2023-11-29,2023-12-18,PROV037 - Aéropostale MX,SKU031,Aéropostale,2430,938.12,2279631.6,19,30 días,1
OC00425,2024-04-03,2024-04-22,PROV037 - Aéropostale MX,SKU031,Aéropostale,691,937.88,648075.08,19,30 días,1
OC00426,2024-07-26,2024-08-12,PROV037 - Aéropostale MX,SKU031,Aéropostale,361,950.42,343101.62,17,Contado,1
OC00427,2024-08-28,2024-09-09,PROV037 - Aéropostale MX,SKU031,Aéropostale,667,966.01,644328.67,12,60 días,1
OC00428,2024-09-13,2024-09-30,PROV037 - Aéropostale MX,SKU031,Aéropostale,1074,947.92,1018066.08,17,60 días,1
OC00429,2024-10-03,2024-10-21,PROV037 - Aéropostale MX,SKU031,Aéropostale,1463,964.21,1410639.23,18,Contado,1
OC00430,2024-11-22,2024-12-09,PROV037 - Aéropostale MX,SKU031,Aéropostale,2158,953.21,2057027.18,17,60 días,1
OC00431,2022-12-28,2023-01-09,PROV006 - LOB Footwear México,SKU032,LOB,311,509.72,158522.92,12,60 días,1
OC00432,2023-01-22,2023-01-30,PROV006 - LOB Footwear México,SKU032,LOB,627,485.54,304433.58,8,30 días,1
OC00433,2023-02-24,2023-03-06,PROV006 - LOB Footwear México,SKU032,LOB,1111,514.54,571653.94,10,30 días,1
OC00434,2023-05-09,2023-05-22,PROV006 - LOB Footwear México,SKU032,LOB,627,507.91,318459.57,13,60 días,1
OC00435,2023-07-12,2023-07-24,PROV006 - LOB Footwear México,SKU032,LOB,296,487.87,144409.52,12,60 días,1
OC00436,2023-08-20,2023-08-28,PROV006 - LOB Footwear México,SKU032,LOB,806,502.02,404628.12,8,30 días,1
OC00437,2023-10-03,2023-10-16,PROV006 - LOB Footwear México,SKU032,LOB,486,488.62,237469.32,13,60 días,1
OC00438,2023-10-16,2023-10-30,PROV006 - LOB Footwear México,SKU032,LOB,1319,520.88,687040.72,14,Contado,1
OC00439,2024-02-16,2024-02-26,PROV006 - LOB Footwear México,SKU032,LOB,535,473.64,253397.4,10,60 días,1
OC00440,2024-04-06,2024-04-15,PROV006 - LOB Footwear México,SKU032,LOB,320,490.29,156892.8,9,Contado,1
OC00441,2024-04-30,2024-05-13,PROV006 - LOB Footwear México,SKU032,LOB,368,511.96,188401.28,13,60 días,1
OC00442,2024-05-29,2024-06-10,PROV006 - LOB Footwear México,SKU032,LOB,551,507.62,279698.62,12,30 días,1
OC00443,2024-07-15,2024-07-22,PROV006 - LOB Footwear México,SKU032,LOB,597,516.29,308225.13,7,Contado,1
OC00444,2024-09-01,2024-09-09,PROV006 - LOB Footwear México,SKU032,LOB,960,480.29,461078.4,8,30 días,1
OC00445,2024-10-26,2024-11-04,PROV006 - LOB Footwear México,SKU032,LOB,921,484.93,446620.53,9,30 días,1
OC00446,2024-12-14,2024-12-23,PROV006 - LOB Footwear México,SKU032,LOB,917,515.84,473025.28,9,45 días,1
OC00447,2022-12-12,2023-01-02,PROV008 - VF Corporation MX,SKU033,Lee,621,514.28,319367.88,21,30 días,1
OC00448,2023-02-14,2023-03-06,PROV008 - VF Corporation MX,SKU033,Lee,587,487.5,286162.5,20,60 días,1
OC00449,2023-03-14,2023-04-03,PROV008 - VF Corporation MX,SKU033,Lee,1103,530.65,585306.95,20,Contado,1
OC00450,2023-05-15,2023-05-29,PROV008 - VF Corporation MX,SKU033,Lee,561,500.84,280971.24,14,45 días,1
OC00451,2023-06-12,2023-06-26,PROV008 - VF Corporation MX,SKU033,Lee,800,494.59,395672.0,14,Contado,1
OC00452,2023-08-04,2023-08-21,PROV008 - VF Corporation MX,SKU033,Lee,554,479.22,265487.88,17,60 días,1
OC00453,2023-09-04,2023-09-25,PROV008 - VF Corporation MX,SKU033,Lee,764,508.97,388853.08,21,Contado,1
OC00454,2023-10-02,2023-10-23,PROV008 - VF Corporation MX,SKU033,Lee,1107,505.8,559920.6,21,60 días,1
OC00455,2023-12-22,2024-01-08,PROV008 - VF Corporation MX,SKU033,Lee,713,495.28,353134.64,17,60 días,1
OC00456,2024-02-08,2024-02-26,PROV008 - VF Corporation MX,SKU033,Lee,1169,492.3,575498.7,18,Contado,1
OC00457,2024-04-17,2024-05-06,PROV008 - VF Corporation MX,SKU033,Lee,366,491.51,179892.66,19,60 días,1
OC00458,2024-04-29,2024-05-13,PROV008 - VF Corporation MX,SKU033,Lee,1166,477.43,556683.38,14,30 días,1
OC00459,2024-06-26,2024-07-15,PROV008 - VF Corporation MX,SKU033,Lee,587,515.33,302498.71,19,30 días,1
OC00460,2024-08-08,2024-08-26,PROV008 - VF Corporation MX,SKU033,Lee,794,519.43,412427.42,18,30 días,1
OC00461,2024-09-16,2024-10-07,PROV008 - VF Corporation MX,SKU033,Lee,1096,462.01,506362.96,21,Contado,1
OC00462,2024-11-21,2024-12-09,PROV008 - VF Corporation MX,SKU033,Lee,902,498.28,449448.56,18,30 días,1
OC00463,2022-12-16,2023-01-02,PROV008 - VF Corporation MX,SKU034,Levi's,337,316.95,106812.15,17,60 días,1
OC00464,2023-01-17,2023-02-06,PROV008 - VF Corporation MX,SKU034,Levi's,542,322.0,174524.0,20,Contado,1
OC00465,2023-02-14,2023-03-06,PROV008 - VF Corporation MX,SKU034,Levi's,1204,310.74,374130.96,20,45 días,1
OC00466,2023-05-09,2023-05-29,PROV008 - VF Corporation MX,SKU034,Levi's,996,313.31,312056.76,20,30 días,1
OC00467,2023-07-22,2023-08-07,PROV008 - VF Corporation MX,SKU034,Levi's,505,317.36,160266.8,16,45 días,1
OC00468,2023-09-03,2023-09-18,PROV008 - VF Corporation MX,SKU034,Levi's,993,316.38,314165.34,15,60 días,1
OC00469,2023-10-10,2023-10-30,PROV008 - VF Corporation MX,SKU034,Levi's,884,322.43,285028.12,20,45 días,1
OC00470,2023-12-02,2023-12-18,PROV008 - VF Corporation MX,SKU034,Levi's,1455,303.87,442130.85,16,45 días,1
OC00471,2024-02-26,2024-03-11,PROV008 - VF Corporation MX,SKU034,Levi's,991,303.03,300302.73,14,Contado,1
OC00472,2024-05-04,2024-05-20,PROV008 - VF Corporation MX,SKU034,Levi's,790,311.21,245855.9,16,45 días,1
OC00473,2024-06-16,2024-07-01,PROV008 - VF Corporation MX,SKU034,Levi's,573,300.64,172266.72,15,30 días,1
OC00474,2024-07-08,2024-07-22,PROV008 - VF Corporation MX,SKU034,Levi's,978,339.19,331727.82,14,60 días,1
OC00475,2024-09-01,2024-09-16,PROV008 - VF Corporation MX,SKU034,Levi's,819,305.85,250491.15,15,30 días,1
OC00476,2024-10-01,2024-10-21,PROV008 - VF Corporation MX,SKU034,Levi's,1624,324.02,526208.48,20,30 días,1
OC00477,2022-12-30,2023-01-09,PROV007 - Andrea Distribución,SKU035,Andrea,495,784.36,388258.2,10,Contado,1
OC00478,2023-02-09,2023-02-20,PROV007 - Andrea Distribución,SKU035,Andrea,372,755.79,281153.88,11,60 días,1
OC00479,2023-03-08,2023-03-20,PROV007 - Andrea Distribución,SKU035,Andrea,474,732.43,347171.82,12,Contado,1
OC00480,2023-04-06,2023-04-17,PROV007 - Andrea Distribución,SKU035,Andrea,694,753.5,522929.0,11,30 días,1
OC00481,2023-04-27,2023-05-08,PROV007 - Andrea Distribución,SKU035,Andrea,1739,719.01,1250358.39,11,Contado,1
OC00482,2023-07-01,2023-07-10,PROV007 - Andrea Distribución,SKU035,Andrea,787,717.24,564467.88,9,Contado,1
OC00483,2023-07-14,2023-07-24,PROV007 - Andrea Distribución,SKU035,Andrea,2595,795.0,2063025.0,10,45 días,1
OC00484,2024-01-04,2024-01-15,PROV007 - Andrea Distribución,SKU035,Andrea,592,712.9,422036.8,11,45 días,1
OC00485,2024-02-14,2024-02-26,PROV007 - Andrea Distribución,SKU035,Andrea,807,709.14,572275.98,12,45 días,1
OC00486,2024-03-29,2024-04-08,PROV007 - Andrea Distribución,SKU035,Andrea,1108,765.76,848462.08,10,45 días,1
OC00487,2024-04-27,2024-05-06,PROV007 - Andrea Distribución,SKU035,Andrea,1807,736.22,1330349.54,9,30 días,1
OC00488,2024-06-22,2024-07-01,PROV007 - Andrea Distribución,SKU035,Andrea,1466,778.63,1141471.58,9,60 días,1
OC00489,2024-08-11,2024-08-19,PROV007 - Andrea Distribución,SKU035,Andrea,1826,670.9,1225063.4,8,60 días,1
OC00490,2022-12-19,2023-01-02,PROV037 - Aéropostale MX,SKU036,Aéropostale,955,1096.54,1047195.7,14,30 días,1
OC00491,2023-06-14,2023-06-26,PROV037 - Aéropostale MX,SKU036,Aéropostale,128,1055.48,135101.44,12,30 días,1
OC00492,2023-07-18,2023-07-31,PROV037 - Aéropostale MX,SKU036,Aéropostale,451,1033.69,466194.19,13,30 días,1
OC00493,2023-08-30,2023-09-11,PROV037 - Aéropostale MX,SKU036,Aéropostale,370,1051.6,389092.0,12,60 días,1
OC00494,2023-09-24,2023-10-09,PROV037 - Aéropostale MX,SKU036,Aéropostale,1037,1047.73,1086496.01,15,Contado,1
OC00495,2023-10-24,2023-11-13,PROV037 - Aéropostale MX,SKU036,Aéropostale,1475,1088.91,1606142.25,20,60 días,1
OC00496,2024-03-20,2024-04-08,PROV037 - Aéropostale MX,SKU036,Aéropostale,485,1080.75,524163.75,19,60 días,1
OC00497,2024-08-14,2024-09-02,PROV037 - Aéropostale MX,SKU036,Aéropostale,343,1118.62,383686.66,19,45 días,1
OC00498,2024-09-19,2024-09-30,PROV037 - Aéropostale MX,SKU036,Aéropostale,990,1035.19,1024838.1,11,Contado,1
OC00499,2024-11-02,2024-11-18,PROV037 - Aéropostale MX,SKU036,Aéropostale,608,1114.35,677524.8,16,60 días,1
OC00500,2024-12-13,2024-12-23,PROV037 - Aéropostale MX,SKU036,Aéropostale,2024,1131.96,2291087.04,10,30 días,1
OC00501,2022-12-17,2023-01-02,PROV026 - Puig México,SKU037,Carolina Herrera,213,1808.25,385157.25,16,30 días,1
OC00502,2023-01-09,2023-01-23,PROV026 - Puig México,SKU037,Carolina Herrera,575,1785.31,1026553.25,14,Contado,1
OC00503,2023-01-28,2023-02-13,PROV026 - Puig México,SKU037,Carolina Herrera,1068,1768.17,1888405.56,16,30 días,1
OC00504,2023-04-18,2023-05-08,PROV026 - Puig México,SKU037,Carolina Herrera,771,1714.69,1322025.99,20,45 días,1
OC00505,2023-05-01,2023-05-15,PROV026 - Puig México,SKU037,Carolina Herrera,891,1808.2,1611106.2,14,Contado,1
OC00506,2023-07-28,2023-08-07,PROV026 - Puig México,SKU037,Carolina Herrera,625,1802.2,1126375.0,10,Contado,1
OC00507,2023-09-05,2023-09-18,PROV026 - Puig México,SKU037,Carolina Herrera,606,1734.88,1051337.28,13,30 días,1
OC00508,2023-10-11,2023-10-30,PROV026 - Puig México,SKU037,Carolina Herrera,898,1685.84,1513884.32,19,45 días,1
OC00509,2023-12-06,2023-12-18,PROV026 - Puig México,SKU037,Carolina Herrera,1124,1697.5,1907990.0,12,60 días,1
OC00510,2024-04-17,2024-04-29,PROV026 - Puig México,SKU037,Carolina Herrera,856,1672.36,1431540.16,12,Contado,1
OC00511,2024-06-05,2024-06-17,PROV026 - Puig México,SKU037,Carolina Herrera,404,1704.75,688719.0,12,45 días,1
OC00512,2024-07-10,2024-07-22,PROV026 - Puig México,SKU037,Carolina Herrera,655,1786.35,1170059.25,12,45 días,1
OC00513,2024-10-11,2024-10-21,PROV026 - Puig México,SKU037,Carolina Herrera,207,1801.56,372922.92,10,60 días,1
OC00514,2024-10-18,2024-11-04,PROV026 - Puig México,SKU037,Carolina Herrera,1039,1722.55,1789729.45,17,45 días,1
OC00515,2024-11-12,2024-12-02,PROV026 - Puig México,SKU037,Carolina Herrera,1402,1724.18,2417300.36,20,60 días,1
OC00516,2023-01-03,2023-01-23,PROV026 - Puig México,SKU038,Hugo Boss,269,1224.15,329296.35,20,60 días,1
OC00517,2023-02-20,2023-03-06,PROV026 - Puig México,SKU038,Hugo Boss,359,1210.79,434673.61,14,30 días,1
OC00518,2023-04-11,2023-05-01,PROV026 - Puig México,SKU038,Hugo Boss,392,1210.91,474676.72,20,45 días,1
OC00519,2023-05-25,2023-06-05,PROV026 - Puig México,SKU038,Hugo Boss,721,1304.47,940522.87,11,60 días,1
OC00520,2023-07-27,2023-08-07,PROV026 - Puig México,SKU038,Hugo Boss,567,1229.82,697307.94,11,60 días,1
OC00521,2023-09-26,2023-10-09,PROV026 - Puig México,SKU038,Hugo Boss,995,1246.66,1240426.7,13,30 días,1
OC00522,2023-11-08,2023-11-20,PROV026 - Puig México,SKU038,Hugo Boss,1546,1147.3,1773725.8,12,60 días,1
OC00523,2024-02-29,2024-03-18,PROV026 - Puig México,SKU038,Hugo Boss,215,1215.05,261235.75,18,30 días,1
OC00524,2024-04-09,2024-04-29,PROV026 - Puig México,SKU038,Hugo Boss,351,1211.9,425376.9,20,30 días,1
OC00525,2024-05-20,2024-06-03,PROV026 - Puig México,SKU038,Hugo Boss,975,1273.44,1241604.0,14,45 días,1
OC00526,2024-08-17,2024-09-02,PROV026 - Puig México,SKU038,Hugo Boss,478,1286.09,614751.02,16,30 días,1
OC00527,2024-09-20,2024-10-07,PROV026 - Puig México,SKU038,Hugo Boss,828,1286.89,1065544.92,17,45 días,1
OC00528,2024-11-04,2024-11-18,PROV026 - Puig México,SKU038,Hugo Boss,844,1193.74,1007516.56,14,60 días,1
OC00529,2024-11-14,2024-12-02,PROV026 - Puig México,SKU038,Hugo Boss,3203,1298.52,4159159.56,18,60 días,1
OC00530,2023-01-05,2023-01-16,PROV027 - Grupo Coty MX,SKU039,Versace,206,1374.67,283182.02,11,45 días,1
OC00531,2023-02-03,2023-02-20,PROV027 - Grupo Coty MX,SKU039,Versace,322,1357.08,436979.76,17,60 días,1
OC00532,2023-04-19,2023-05-01,PROV027 - Grupo Coty MX,SKU039,Versace,959,1413.43,1355479.37,12,60 días,1
OC00533,2023-06-25,2023-07-10,PROV027 - Grupo Coty MX,SKU039,Versace,867,1456.72,1262976.24,15,45 días,1
OC00534,2023-09-12,2023-10-02,PROV027 - Grupo Coty MX,SKU039,Versace,1182,1412.16,1669173.12,20,45 días,1
OC00535,2023-10-15,2023-10-30,PROV027 - Grupo Coty MX,SKU039,Versace,2395,1338.03,3204581.85,15,Contado,1
OC00536,2023-12-13,2023-12-25,PROV027 - Grupo Coty MX,SKU039,Versace,2673,1427.3,3815172.9,12,45 días,1
OC00537,2024-10-14,2024-10-28,PROV027 - Grupo Coty MX,SKU039,Versace,649,1457.26,945761.74,14,Contado,1
OC00538,2024-11-08,2024-11-25,PROV027 - Grupo Coty MX,SKU039,Versace,1781,1346.8,2398650.8,17,60 días,1
OC00539,2022-12-22,2023-01-02,PROV028 - Dolce & Gabbana MX,SKU040,D&G,663,1152.12,763855.56,11,45 días,1
OC00540,2023-01-25,2023-02-13,PROV028 - Dolce & Gabbana MX,SKU040,D&G,805,1140.77,918319.85,19,Contado,1
OC00541,2023-03-30,2023-04-17,PROV028 - Dolce & Gabbana MX,SKU040,D&G,761,1154.74,878757.14,18,Contado,1
OC00542,2023-04-20,2023-05-01,PROV028 - Dolce & Gabbana MX,SKU040,D&G,1442,1105.73,1594462.66,11,45 días,1
OC00543,2023-06-23,2023-07-03,PROV028 - Dolce & Gabbana MX,SKU040,D&G,701,1112.18,779638.18,10,Contado,1
OC00544,2023-08-01,2023-08-21,PROV028 - Dolce & Gabbana MX,SKU040,D&G,754,1169.03,881448.62,20,30 días,1
OC00545,2023-09-02,2023-09-18,PROV028 - Dolce & Gabbana MX,SKU040,D&G,650,1174.98,763737.0,16,45 días,1
OC00546,2023-10-17,2023-10-30,PROV028 - Dolce & Gabbana MX,SKU040,D&G,1462,1168.53,1708390.86,13,30 días,1
OC00547,2023-11-23,2023-12-04,PROV028 - Dolce & Gabbana MX,SKU040,D&G,1679,1184.19,1988255.01,11,60 días,1
OC00548,2024-01-23,2024-02-12,PROV028 - Dolce & Gabbana MX,SKU040,D&G,1563,1128.32,1763564.16,20,60 días,1
OC00549,2024-04-14,2024-04-29,PROV028 - Dolce & Gabbana MX,SKU040,D&G,3643,1209.7,4406937.1,15,30 días,1
OC00550,2024-10-12,2024-10-28,PROV028 - Dolce & Gabbana MX,SKU040,D&G,1534,1107.83,1699411.22,16,45 días,1
OC00551,2024-11-20,2024-12-09,PROV028 - Dolce & Gabbana MX,SKU040,D&G,2112,1174.45,2480438.4,19,45 días,1
OC00552,2022-12-22,2023-01-02,PROV029 - Inditex Fragancias,SKU041,Zara,703,284.05,199687.15,11,60 días,1
OC00553,2023-02-17,2023-03-06,PROV029 - Inditex Fragancias,SKU041,Zara,964,280.26,270170.64,17,30 días,1
OC00554,2023-03-17,2023-04-03,PROV029 - Inditex Fragancias,SKU041,Zara,1217,289.5,352321.5,17,60 días,1
OC00555,2023-05-31,2023-06-12,PROV029 - Inditex Fragancias,SKU041,Zara,983,290.0,285070.0,12,60 días,1
OC00556,2023-07-20,2023-07-31,PROV029 - Inditex Fragancias,SKU041,Zara,970,285.09,276537.3,11,45 días,1
OC00557,2023-08-26,2023-09-11,PROV029 - Inditex Fragancias,SKU041,Zara,861,276.05,237679.05,16,Contado,1
OC00558,2023-10-15,2023-10-30,PROV029 - Inditex Fragancias,SKU041,Zara,938,296.66,278267.08,15,45 días,1
OC00559,2023-11-14,2023-11-27,PROV029 - Inditex Fragancias,SKU041,Zara,1873,275.22,515487.06,13,45 días,1
OC00560,2024-02-08,2024-02-26,PROV029 - Inditex Fragancias,SKU041,Zara,1269,280.82,356360.58,18,45 días,1
OC00561,2024-04-18,2024-05-06,PROV029 - Inditex Fragancias,SKU041,Zara,1058,288.54,305275.32,18,30 días,1
OC00562,2024-06-07,2024-06-24,PROV029 - Inditex Fragancias,SKU041,Zara,997,275.72,274892.84,17,60 días,1
OC00563,2024-07-17,2024-08-05,PROV029 - Inditex Fragancias,SKU041,Zara,693,279.26,193527.18,19,Contado,1
OC00564,2024-09-02,2024-09-16,PROV029 - Inditex Fragancias,SKU041,Zara,991,263.66,261287.06,14,30 días,1
OC00565,2024-10-24,2024-11-04,PROV029 - Inditex Fragancias,SKU041,Zara,598,284.92,170382.16,11,30 días,1
OC00566,2024-10-30,2024-11-18,PROV029 - Inditex Fragancias,SKU041,Zara,996,291.96,290792.16,19,Contado,1
OC00567,2022-12-23,2023-01-02,PROV012 - Restonic de México,SKU042,Restonic,807,5021.48,4052334.36,10,60 días,1
OC00568,2023-03-13,2023-03-20,PROV012 - Restonic de México,SKU042,Restonic,869,4926.0,4280694.0,7,60 días,1
OC00569,2023-04-22,2023-05-01,PROV012 - Restonic de México,SKU042,Restonic,954,5027.13,4795882.02,9,60 días,1
OC00570,2023-05-19,2023-05-29,PROV012 - Restonic de México,SKU042,Restonic,1688,5175.84,8736817.92,10,30 días,1
OC00571,2023-09-08,2023-09-18,PROV012 - Restonic de México,SKU042,Restonic,1030,4989.73,5139421.9,10,60 días,1
OC00572,2023-11-03,2023-11-13,PROV012 - Restonic de México,SKU042,Restonic,611,5181.46,3165872.06,10,Contado,1
OC00573,2023-12-04,2023-12-11,PROV012 - Restonic de México,SKU042,Restonic,709,4995.58,3541866.22,7,Contado,1
OC00574,2024-02-14,2024-02-19,PROV012 - Restonic de México,SKU042,Restonic,350,4931.85,1726147.5,5,Contado,1
OC00575,2024-03-01,2024-03-11,PROV012 - Restonic de México,SKU042,Restonic,585,5068.62,2965142.7,10,60 días,1
OC00576,2024-04-14,2024-04-22,PROV012 - Restonic de México,SKU042,Restonic,710,5027.16,3569283.6,8,30 días,1
OC00577,2024-05-03,2024-05-13,PROV012 - Restonic de México,SKU042,Restonic,1653,4912.96,8121122.88,10,Contado,1
OC00578,2024-06-14,2024-06-24,PROV012 - Restonic de México,SKU042,Restonic,1291,5071.24,6546970.84,10,30 días,1
OC00579,2024-09-29,2024-10-07,PROV012 - Restonic de México,SKU042,Restonic,672,4967.41,3338099.52,8,60 días,1
OC00580,2024-11-04,2024-11-11,PROV012 - Restonic de México,SKU042,Restonic,1386,5018.29,6955349.94,7,Contado,1
OC00581,2022-12-13,2023-01-02,PROV034 - Colchones Wendy,SKU043,Wendy,365,3721.5,1358347.5,20,Contado,1
OC00582,2023-02-13,2023-02-27,PROV034 - Colchones Wendy,SKU043,Wendy,425,3921.36,1666578.0,14,Contado,1
OC00583,2023-03-20,2023-04-03,PROV034 - Colchones Wendy,SKU043,Wendy,505,3941.28,1990346.4,14,45 días,1
OC00584,2023-04-12,2023-05-01,PROV034 - Colchones Wendy,SKU043,Wendy,1651,3937.74,6501208.74,19,60 días,1
OC00585,2023-05-27,2023-06-12,PROV034 - Colchones Wendy,SKU043,Wendy,1442,3921.45,5654730.9,16,60 días,1
OC00586,2023-08-20,2023-09-04,PROV034 - Colchones Wendy,SKU043,Wendy,705,3881.96,2736781.8,15,30 días,1
OC00587,2023-10-07,2023-10-23,PROV034 - Colchones Wendy,SKU043,Wendy,850,3684.14,3131519.0,16,45 días,1
OC00588,2023-11-13,2023-11-27,PROV034 - Colchones Wendy,SKU043,Wendy,639,3905.08,2495346.12,14,45 días,1
OC00589,2024-02-10,2024-02-26,PROV034 - Colchones Wendy,SKU043,Wendy,588,3906.11,2296792.68,16,30 días,1
OC00590,2024-03-21,2024-04-01,PROV034 - Colchones Wendy,SKU043,Wendy,532,3880.73,2064548.36,11,Contado,1
OC00591,2024-04-18,2024-04-29,PROV034 - Colchones Wendy,SKU043,Wendy,722,3701.15,2672230.3,11,30 días,1
OC00592,2024-05-05,2024-05-20,PROV034 - Colchones Wendy,SKU043,Wendy,971,3837.02,3725746.42,15,60 días,1
OC00593,2024-06-07,2024-06-24,PROV034 - Colchones Wendy,SKU043,Wendy,1080,3803.68,4107974.4,17,Contado,1
OC00594,2024-09-10,2024-09-30,PROV034 - Colchones Wendy,SKU043,Wendy,439,3807.89,1671663.71,20,45 días,1
OC00595,2024-10-20,2024-11-04,PROV034 - Colchones Wendy,SKU043,Wendy,823,3733.55,3072711.65,15,30 días,1
OC00596,2024-10-28,2024-11-11,PROV034 - Colchones Wendy,SKU043,Wendy,1538,4001.88,6154891.44,14,Contado,1
OC00597,2022-12-28,2023-01-09,PROV035 - Spring Air México,SKU044,Spring Air,516,2778.47,1433690.52,12,45 días,1
OC00598,2023-03-08,2023-03-20,PROV035 - Spring Air México,SKU044,Spring Air,233,2813.21,655477.93,12,30 días,1
OC00599,2023-04-06,2023-04-24,PROV035 - Spring Air México,SKU044,Spring Air,529,2751.94,1455776.26,18,Contado,1
OC00600,2023-05-29,2023-06-12,PROV035 - Spring Air México,SKU044,Spring Air,385,2757.52,1061645.2,14,30 días,1
OC00601,2023-07-01,2023-07-17,PROV035 - Spring Air México,SKU044,Spring Air,390,2672.77,1042380.3,16,60 días,1
OC00602,2023-08-05,2023-08-21,PROV035 - Spring Air México,SKU044,Spring Air,504,2734.88,1378379.52,16,45 días,1
OC00603,2023-09-28,2023-10-16,PROV035 - Spring Air México,SKU044,Spring Air,926,2773.18,2567964.68,18,Contado,1
OC00604,2023-11-30,2023-12-11,PROV035 - Spring Air México,SKU044,Spring Air,752,2687.97,2021353.44,11,Contado,1
OC00605,2024-03-03,2024-03-18,PROV035 - Spring Air México,SKU044,Spring Air,457,2818.63,1288113.91,15,45 días,1
OC00606,2024-05-02,2024-05-20,PROV035 - Spring Air México,SKU044,Spring Air,647,2820.74,1825018.78,18,30 días,1
OC00607,2024-07-31,2024-08-12,PROV035 - Spring Air México,SKU044,Spring Air,366,2779.07,1017139.62,12,Contado,1
OC00608,2024-09-13,2024-09-23,PROV035 - Spring Air México,SKU044,Spring Air,529,2614.35,1382991.15,10,Contado,1
OC00609,2024-11-08,2024-11-25,PROV035 - Spring Air México,SKU044,Spring Air,526,2807.25,1476613.5,17,30 días,1
OC00610,2023-01-10,2023-01-16,PROV012 - Restonic de México,SKU045,Restonic,444,8456.4,3754641.6,6,45 días,1
OC00611,2023-03-01,2023-03-06,PROV012 - Restonic de México,SKU045,Restonic,345,7827.02,2700321.9,5,45 días,1
OC00612,2023-03-17,2023-03-27,PROV012 - Restonic de México,SKU045,Restonic,574,8471.38,4862572.12,10,60 días,1
OC00613,2023-04-30,2023-05-08,PROV012 - Restonic de México,SKU045,Restonic,643,8265.23,5314542.89,8,Contado,1
OC00614,2023-06-19,2023-06-26,PROV012 - Restonic de México,SKU045,Restonic,729,8442.42,6154524.18,7,45 días,1
OC00615,2023-08-30,2023-09-04,PROV012 - Restonic de México,SKU045,Restonic,522,9000.01,4698005.22,5,45 días,1
OC00616,2023-09-29,2023-10-09,PROV012 - Restonic de México,SKU045,Restonic,762,7986.89,6086010.18,10,60 días,1
OC00617,2023-10-27,2023-11-06,PROV012 - Restonic de México,SKU045,Restonic,1338,8213.42,10989555.96,10,60 días,1
OC00618,2023-12-20,2023-12-25,PROV012 - Restonic de México,SKU045,Restonic,1798,8336.52,14989062.96,5,Contado,1
OC00619,2024-05-21,2024-05-27,PROV012 - Restonic de México,SKU045,Restonic,1299,8054.49,10462782.51,6,Contado,1
OC00620,2024-07-30,2024-08-05,PROV012 - Restonic de México,SKU045,Restonic,994,8783.96,8731256.24,6,30 días,1
OC00621,2024-10-12,2024-10-21,PROV012 - Restonic de México,SKU045,Restonic,1177,7773.95,9149939.15,9,30 días,1
OC00622,2024-11-13,2024-11-18,PROV012 - Restonic de México,SKU045,Restonic,1089,8571.52,9334385.28,5,30 días,1
OC00623,2024-12-03,2024-12-09,PROV012 - Restonic de México,SKU045,Restonic,2039,8110.65,16537615.35,6,Contado,1
OC00624,2023-01-06,2023-01-16,PROV009 - Mattel de México,SKU046,Mattel,116,1983.05,230033.8,10,45 días,1
OC00625,2023-01-24,2023-02-13,PROV009 - Mattel de México,SKU046,Mattel,201,2046.15,411276.15,20,Contado,1
OC00626,2023-04-23,2023-05-08,PROV009 - Mattel de México,SKU046,Mattel,131,2052.56,268885.36,15,30 días,1
OC00627,2023-05-07,2023-05-22,PROV009 - Mattel de México,SKU046,Mattel,233,2069.07,482093.31,15,45 días,1
OC00628,2023-08-03,2023-08-14,PROV009 - Mattel de México,SKU046,Mattel,275,2036.82,560125.5,11,45 días,1
OC00629,2023-09-13,2023-09-25,PROV009 - Mattel de México,SKU046,Mattel,320,2019.46,646227.2,12,60 días,1
OC00630,2023-10-13,2023-10-23,PROV009 - Mattel de México,SKU046,Mattel,509,1930.21,982476.89,10,Contado,1
OC00631,2023-10-23,2023-11-06,PROV009 - Mattel de México,SKU046,Mattel,1409,2029.44,2859480.96,14,60 días,1
OC00632,2023-12-04,2023-12-18,PROV009 - Mattel de México,SKU046,Mattel,337,1927.69,649631.53,14,45 días,1
OC00633,2023-12-14,2023-12-25,PROV009 - Mattel de México,SKU046,Mattel,905,2075.66,1878472.3,11,45 días,1
OC00634,2024-05-20,2024-06-03,PROV009 - Mattel de México,SKU046,Mattel,371,1993.93,739748.03,14,45 días,1
OC00635,2024-07-10,2024-07-22,PROV009 - Mattel de México,SKU046,Mattel,591,2014.77,1190729.07,12,30 días,1
OC00636,2024-10-01,2024-10-14,PROV009 - Mattel de México,SKU046,Mattel,490,1991.74,975952.6,13,Contado,1
OC00637,2024-10-22,2024-11-04,PROV009 - Mattel de México,SKU046,Mattel,685,1958.17,1341346.45,13,45 días,1
OC00638,2024-11-14,2024-12-02,PROV009 - Mattel de México,SKU046,Mattel,1493,2079.78,3105111.54,18,Contado,1
OC00639,2024-12-04,2024-12-23,PROV009 - Mattel de México,SKU046,Mattel,1560,1978.37,3086257.2,19,30 días,1
OC00640,2022-12-17,2023-01-02,PROV009 - Mattel de México,SKU047,Mattel,224,625.08,140017.92,16,Contado,1
OC00641,2023-01-16,2023-01-30,PROV009 - Mattel de México,SKU047,Mattel,262,625.12,163781.44,14,60 días,1
OC00642,2023-03-21,2023-04-03,PROV009 - Mattel de México,SKU047,Mattel,265,634.82,168227.3,13,30 días,1
OC00643,2023-04-02,2023-04-17,PROV009 - Mattel de México,SKU047,Mattel,655,613.92,402117.6,15,30 días,1
OC00644,2023-06-29,2023-07-10,PROV009 - Mattel de México,SKU047,Mattel,324,655.36,212336.64,11,Contado,1
OC00645,2023-07-04,2023-07-24,PROV009 - Mattel de México,SKU047,Mattel,832,651.63,542156.16,20,Contado,1
OC00646,2023-09-23,2023-10-09,PROV009 - Mattel de México,SKU047,Mattel,1120,604.06,676547.2,16,60 días,1
OC00647,2023-11-02,2023-11-13,PROV009 - Mattel de México,SKU047,Mattel,1487,661.72,983977.64,11,45 días,1
OC00648,2023-12-01,2023-12-11,PROV009 - Mattel de México,SKU047,Mattel,2595,639.98,1660748.1,10,30 días,1
OC00649,2024-07-11,2024-07-29,PROV009 - Mattel de México,SKU047,Mattel,698,640.88,447334.24,18,45 días,1
OC00650,2024-09-19,2024-09-30,PROV009 - Mattel de México,SKU047,Mattel,732,616.01,450919.32,11,60 días,1
OC00651,2024-10-05,2024-10-21,PROV009 - Mattel de México,SKU047,Mattel,1111,678.51,753824.61,16,Contado,1
OC00652,2024-11-21,2024-12-02,PROV009 - Mattel de México,SKU047,Mattel,956,657.48,628550.88,11,45 días,1
OC00653,2024-11-29,2024-12-09,PROV009 - Mattel de México,SKU047,Mattel,3243,651.32,2112230.76,10,60 días,1
OC00654,2022-12-19,2023-01-02,PROV010 - Hasbro México,SKU048,Hasbro,201,289.25,58139.25,14,Contado,1
OC00655,2023-01-22,2023-02-06,PROV010 - Hasbro México,SKU048,Hasbro,260,302.35,78611.0,15,30 días,1
OC00656,2023-02-16,2023-03-06,PROV010 - Hasbro México,SKU048,Hasbro,414,309.38,128083.32,18,60 días,1
OC00657,2023-04-18,2023-05-01,PROV010 - Hasbro México,SKU048,Hasbro,480,304.88,146342.4,13,30 días,1
OC00658,2023-05-27,2023-06-12,PROV010 - Hasbro México,SKU048,Hasbro,444,291.74,129532.56,16,30 días,1
OC00659,2023-07-18,2023-07-31,PROV010 - Hasbro México,SKU048,Hasbro,742,310.3,230242.6,13,30 días,1
OC00660,2023-09-08,2023-09-25,PROV010 - Hasbro México,SKU048,Hasbro,987,300.34,296435.58,17,45 días,1
OC00661,2023-11-03,2023-11-13,PROV010 - Hasbro México,SKU048,Hasbro,1074,311.24,334271.76,10,45 días,1
OC00662,2023-11-27,2023-12-11,PROV010 - Hasbro México,SKU048,Hasbro,3198,280.59,897326.82,14,45 días,1
OC00663,2024-09-14,2024-09-30,PROV010 - Hasbro México,SKU048,Hasbro,987,280.66,277011.42,16,30 días,1
OC00664,2024-10-21,2024-11-04,PROV010 - Hasbro México,SKU048,Hasbro,1142,295.28,337209.76,14,30 días,1
OC00665,2024-11-20,2024-12-09,PROV010 - Hasbro México,SKU048,Hasbro,1914,296.86,568190.04,19,30 días,1
OC00666,2023-01-21,2023-02-06,PROV036 - LEGO México,SKU049,LEGO,112,770.15,86256.8,16,30 días,1
OC00667,2023-03-05,2023-03-20,PROV036 - LEGO México,SKU049,LEGO,128,769.08,98442.24,15,45 días,1
OC00668,2023-04-07,2023-04-24,PROV036 - LEGO México,SKU049,LEGO,116,786.72,91259.52,17,60 días,1
OC00669,2023-05-03,2023-05-22,PROV036 - LEGO México,SKU049,LEGO,328,749.19,245734.32,19,30 días,1
OC00670,2023-06-04,2023-06-19,PROV036 - LEGO México,SKU049,LEGO,590,751.36,443302.4,15,45 días,1
OC00671,2023-09-21,2023-10-02,PROV036 - LEGO México,SKU049,LEGO,641,739.08,473750.28,11,60 días,1
OC00672,2023-10-24,2023-11-06,PROV036 - LEGO México,SKU049,LEGO,919,764.94,702979.86,13,60 días,1
OC00673,2023-12-08,2023-12-25,PROV036 - LEGO México,SKU049,LEGO,1738,758.5,1318273.0,17,45 días,1
OC00674,2024-10-27,2024-11-11,PROV036 - LEGO México,SKU049,LEGO,741,741.03,549103.23,15,30 días,1
OC00675,2024-11-12,2024-12-02,PROV036 - LEGO México,SKU049,LEGO,1176,753.86,886539.36,20,60 días,1
OC00676,2023-01-06,2023-01-23,PROV010 - Hasbro México,SKU050,Hasbro,227,435.19,98788.13,17,Contado,1
OC00677,2023-02-11,2023-02-27,PROV010 - Hasbro México,SKU050,Hasbro,418,431.37,180312.66,16,60 días,1
OC00678,2023-04-15,2023-05-01,PROV010 - Hasbro México,SKU050,Hasbro,834,456.65,380846.1,16,Contado,1
OC00679,2023-06-20,2023-07-03,PROV010 - Hasbro México,SKU050,Hasbro,632,451.16,285133.12,13,45 días,1
OC00680,2023-08-23,2023-09-04,PROV010 - Hasbro México,SKU050,Hasbro,689,439.82,303035.98,12,30 días,1
OC00681,2023-09-27,2023-10-16,PROV010 - Hasbro México,SKU050,Hasbro,540,461.09,248988.6,19,45 días,1
OC00682,2023-10-18,2023-10-30,PROV010 - Hasbro México,SKU050,Hasbro,1418,435.11,616985.98,12,60 días,1
OC00683,2023-11-15,2023-12-04,PROV010 - Hasbro México,SKU050,Hasbro,2481,453.31,1124662.11,19,45 días,1
OC00684,2024-08-09,2024-08-19,PROV010 - Hasbro México,SKU050,Hasbro,634,455.63,288869.42,10,Contado,1
OC00685,2024-09-12,2024-09-30,PROV010 - Hasbro México,SKU050,Hasbro,1781,464.3,826918.3,18,60 días,1
OC00686,2024-11-18,2024-12-02,PROV010 - Hasbro México,SKU050,Hasbro,3179,453.8,1442630.2,14,Contado,1
OC00687,2023-01-06,2023-01-23,PROV024 - Bicicletas Benotto,SKU051,Benotto,376,3037.72,1142182.72,17,Contado,1
OC00688,2023-02-01,2023-02-20,PROV024 - Bicicletas Benotto,SKU051,Benotto,666,3242.08,2159225.28,19,60 días,1
OC00689,2023-04-07,2023-04-17,PROV024 - Bicicletas Benotto,SKU051,Benotto,506,3080.11,1558535.66,10,Contado,1
OC00690,2023-04-13,2023-05-01,PROV024 - Bicicletas Benotto,SKU051,Benotto,1822,2939.2,5355222.4,18,60 días,1
OC00691,2023-06-21,2023-07-10,PROV024 - Bicicletas Benotto,SKU051,Benotto,1652,3003.18,4961253.36,19,60 días,1
OC00692,2023-08-15,2023-09-04,PROV024 - Bicicletas Benotto,SKU051,Benotto,1138,3082.5,3507885.0,20,45 días,1
OC00693,2023-12-19,2024-01-08,PROV024 - Bicicletas Benotto,SKU051,Benotto,347,2949.48,1023469.56,20,Contado,1
OC00694,2024-01-15,2024-01-29,PROV024 - Bicicletas Benotto,SKU051,Benotto,550,3064.7,1685585.0,14,Contado,1
OC00695,2024-02-21,2024-03-11,PROV024 - Bicicletas Benotto,SKU051,Benotto,600,2835.68,1701408.0,19,45 días,1
OC00696,2024-04-14,2024-04-29,PROV024 - Bicicletas Benotto,SKU051,Benotto,615,3035.85,1867047.75,15,60 días,1
OC00697,2024-04-24,2024-05-13,PROV024 - Bicicletas Benotto,SKU051,Benotto,1358,2991.91,4063013.78,19,60 días,1
OC00698,2024-06-19,2024-07-01,PROV024 - Bicicletas Benotto,SKU051,Benotto,1788,2961.43,5295036.84,12,45 días,1
OC00699,2024-08-06,2024-08-26,PROV024 - Bicicletas Benotto,SKU051,Benotto,1402,2888.88,4050209.76,20,60 días,1
OC00700,2023-01-12,2023-01-30,PROV025 - Bicicletas Mercurio,SKU052,Mercurio,841,2050.06,1724100.46,18,45 días,1
OC00701,2023-03-19,2023-04-03,PROV025 - Bicicletas Mercurio,SKU052,Mercurio,510,2039.27,1040027.7,15,30 días,1
OC00702,2023-04-18,2023-05-01,PROV025 - Bicicletas Mercurio,SKU052,Mercurio,656,1988.83,1304672.48,13,30 días,1
OC00703,2023-04-25,2023-05-15,PROV025 - Bicicletas Mercurio,SKU052,Mercurio,1326,1984.04,2630837.04,20,30 días,1
OC00704,2023-08-02,2023-08-21,PROV025 - Bicicletas Mercurio,SKU052,Mercurio,828,2000.0,1656000.0,19,60 días,1
OC00705,2023-11-21,2023-12-11,PROV025 - Bicicletas Mercurio,SKU052,Mercurio,216,1933.53,417642.48,20,Contado,1
OC00706,2024-01-06,2024-01-22,PROV025 - Bicicletas Mercurio,SKU052,Mercurio,283,2102.01,594868.83,16,45 días,1
OC00707,2024-01-24,2024-02-12,PROV025 - Bicicletas Mercurio,SKU052,Mercurio,633,2013.99,1274855.67,19,30 días,1
OC00708,2024-04-12,2024-04-22,PROV025 - Bicicletas Mercurio,SKU052,Mercurio,867,1894.54,1642566.18,10,30 días,1
OC00709,2024-05-01,2024-05-20,PROV025 - Bicicletas Mercurio,SKU052,Mercurio,1171,2163.79,2533798.09,19,45 días,1
OC00710,2024-06-27,2024-07-08,PROV025 - Bicicletas Mercurio,SKU052,Mercurio,894,2004.08,1791647.52,11,30 días,1
OC00711,2024-07-18,2024-08-05,PROV025 - Bicicletas Mercurio,SKU052,Mercurio,1918,2057.65,3946572.7,18,60 días,1
OC00712,2022-12-22,2023-01-02,PROV024 - Bicicletas Benotto,SKU053,Benotto,236,1258.06,296902.16,11,Contado,1
OC00713,2023-02-02,2023-02-13,PROV024 - Bicicletas Benotto,SKU053,Benotto,221,1258.44,278115.24,11,Contado,1
OC00714,2023-03-05,2023-03-20,PROV024 - Bicicletas Benotto,SKU053,Benotto,260,1221.82,317673.2,15,45 días,1
OC00715,2023-03-28,2023-04-17,PROV024 - Bicicletas Benotto,SKU053,Benotto,510,1342.94,684899.4,20,30 días,1
OC00716,2023-05-16,2023-05-29,PROV024 - Bicicletas Benotto,SKU053,Benotto,522,1230.01,642065.22,13,60 días,1
OC00717,2023-07-07,2023-07-17,PROV024 - Bicicletas Benotto,SKU053,Benotto,816,1228.27,1002268.32,10,60 días,1
OC00718,2023-08-16,2023-09-04,PROV024 - Bicicletas Benotto,SKU053,Benotto,1077,1237.39,1332669.03,19,Contado,1
OC00719,2023-10-06,2023-10-16,PROV024 - Bicicletas Benotto,SKU053,Benotto,2128,1242.87,2644827.36,10,60 días,1
OC00720,2023-11-28,2023-12-11,PROV024 - Bicicletas Benotto,SKU053,Benotto,2558,1245.37,3185656.46,13,Contado,1
OC00721,2024-07-09,2024-07-22,PROV024 - Bicicletas Benotto,SKU053,Benotto,458,1252.18,573498.44,13,Contado,1
OC00722,2024-07-30,2024-08-19,PROV024 - Bicicletas Benotto,SKU053,Benotto,607,1223.46,742640.22,20,Contado,1
OC00723,2024-09-12,2024-09-30,PROV024 - Bicicletas Benotto,SKU053,Benotto,1355,1263.06,1711446.3,18,Contado,1
OC00724,2024-10-26,2024-11-11,PROV024 - Bicicletas Benotto,SKU053,Benotto,1794,1286.93,2308752.42,16,60 días,1
OC00725,2024-12-06,2024-12-23,PROV024 - Bicicletas Benotto,SKU053,Benotto,2600,1208.87,3143062.0,17,45 días,1
OC00726,2023-01-05,2023-01-23,PROV013 - Conair México,SKU054,Conair,377,693.14,261313.78,18,45 días,1
OC00727,2023-01-25,2023-02-06,PROV013 - Conair México,SKU054,Conair,656,608.94,399464.64,12,60 días,1
OC00728,2023-04-14,2023-04-24,PROV013 - Conair México,SKU054,Conair,236,647.75,152869.0,10,Contado,1
OC00729,2023-04-11,2023-05-01,PROV013 - Conair México,SKU054,Conair,2383,641.36,1528360.88,20,60 días,1
OC00730,2023-10-04,2023-10-23,PROV013 - Conair México,SKU054,Conair,527,659.3,347451.1,19,Contado,1
OC00731,2023-11-01,2023-11-13,PROV013 - Conair México,SKU054,Conair,858,648.62,556515.96,12,45 días,1
OC00732,2023-11-28,2023-12-11,PROV013 - Conair México,SKU054,Conair,1261,631.17,795905.37,13,60 días,1
OC00733,2024-02-09,2024-02-19,PROV013 - Conair México,SKU054,Conair,1288,658.62,848302.56,10,45 días,1
OC00734,2024-05-02,2024-05-20,PROV013 - Conair México,SKU054,Conair,888,663.3,589010.4,18,30 días,1
OC00735,2024-08-04,2024-08-19,PROV013 - Conair México,SKU054,Conair,861,651.61,561036.21,15,30 días,1
OC00736,2024-10-12,2024-10-28,PROV013 - Conair México,SKU054,Conair,528,641.55,338738.4,16,45 días,1
OC00737,2024-11-03,2024-11-18,PROV013 - Conair México,SKU054,Conair,1112,685.49,762264.88,15,60 días,1
OC00738,2022-12-17,2023-01-02,PROV038 - Revlon MX,SKU055,Revlon,317,537.55,170403.35,16,45 días,1
OC00739,2023-01-16,2023-01-30,PROV038 - Revlon MX,SKU055,Revlon,524,484.17,253705.08,14,Contado,1
OC00740,2023-02-03,2023-02-13,PROV038 - Revlon MX,SKU055,Revlon,780,523.15,408057.0,10,60 días,1
OC00741,2023-04-05,2023-04-17,PROV038 - Revlon MX,SKU055,Revlon,934,517.72,483550.48,12,30 días,1
OC00742,2023-04-14,2023-05-01,PROV038 - Revlon MX,SKU055,Revlon,1842,515.48,949514.16,17,45 días,1
OC00743,2023-08-19,2023-09-04,PROV038 - Revlon MX,SKU055,Revlon,604,474.25,286447.0,16,60 días,1
OC00744,2023-09-22,2023-10-09,PROV038 - Revlon MX,SKU055,Revlon,1134,502.1,569381.4,17,Contado,1
OC00745,2023-11-12,2023-11-27,PROV038 - Revlon MX,SKU055,Revlon,1692,525.41,888993.72,15,60 días,1
OC00746,2024-01-11,2024-01-29,PROV038 - Revlon MX,SKU055,Revlon,582,481.17,280040.94,18,Contado,1
OC00747,2024-02-06,2024-02-19,PROV038 - Revlon MX,SKU055,Revlon,974,507.55,494353.7,13,30 días,1
OC00748,2024-04-18,2024-04-29,PROV038 - Revlon MX,SKU055,Revlon,2113,489.35,1033996.55,11,45 días,1
OC00749,2024-07-18,2024-08-05,PROV038 - Revlon MX,SKU055,Revlon,934,523.64,489079.76,18,45 días,1
OC00750,2024-10-01,2024-10-14,PROV038 - Revlon MX,SKU055,Revlon,579,527.5,305422.5,13,45 días,1
OC00751,2024-10-19,2024-11-04,PROV038 - Revlon MX,SKU055,Revlon,1130,513.36,580096.8,16,60 días,1
OC00752,2024-11-20,2024-12-02,PROV038 - Revlon MX,SKU055,Revlon,3132,500.25,1566783.0,12,Contado,1
OC00753,2022-12-24,2023-01-09,PROV039 - Philips México,SKU056,Philips,934,598.06,558588.04,16,30 días,1
OC00754,2023-02-22,2023-03-13,PROV039 - Philips México,SKU056,Philips,372,597.49,222266.28,19,30 días,1
OC00755,2023-03-17,2023-04-03,PROV039 - Philips México,SKU056,Philips,662,596.74,395041.88,17,45 días,1
OC00756,2023-04-26,2023-05-08,PROV039 - Philips México,SKU056,Philips,1025,598.72,613688.0,12,45 días,1
OC00757,2023-06-22,2023-07-03,PROV039 - Philips México,SKU056,Philips,860,618.62,532013.2,11,60 días,1
OC00758,2023-08-25,2023-09-04,PROV039 - Philips México,SKU056,Philips,917,588.04,539232.68,10,60 días,1
OC00759,2023-09-27,2023-10-09,PROV039 - Philips México,SKU056,Philips,1043,617.72,644281.96,12,45 días,1
OC00760,2023-11-11,2023-11-27,PROV039 - Philips México,SKU056,Philips,756,657.48,497054.88,16,45 días,1
OC00761,2024-01-08,2024-01-22,PROV039 - Philips México,SKU056,Philips,851,605.95,515663.45,14,45 días,1
OC00762,2024-03-12,2024-03-25,PROV039 - Philips México,SKU056,Philips,601,613.69,368827.69,13,30 días,1
OC00763,2024-04-24,2024-05-06,PROV039 - Philips México,SKU056,Philips,1008,569.64,574197.12,12,60 días,1
OC00764,2024-06-05,2024-06-17,PROV039 - Philips México,SKU056,Philips,1216,608.45,739875.2,12,30 días,1
OC00765,2024-08-11,2024-08-26,PROV039 - Philips México,SKU056,Philips,372,596.12,221756.64,15,45 días,1
OC00766,2024-09-08,2024-09-23,PROV039 - Philips México,SKU056,Philips,707,623.66,440927.62,15,45 días,1
OC00767,2024-10-11,2024-10-28,PROV039 - Philips México,SKU056,Philips,1097,630.01,691120.97,17,45 días,1
OC00768,2024-12-06,2024-12-16,PROV039 - Philips México,SKU056,Philips,797,606.71,483547.87,10,Contado,1
OC00769,2022-12-21,2023-01-09,PROV040 - Johnson & Johnson MX,SKU057,Neutrogena,222,440.98,97897.56,19,60 días,1
OC00770,2023-01-10,2023-01-23,PROV040 - Johnson & Johnson MX,SKU057,Neutrogena,537,440.96,236795.52,13,45 días,1
OC00771,2023-02-07,2023-02-27,PROV040 - Johnson & Johnson MX,SKU057,Neutrogena,696,426.28,296690.88,20,30 días,1
OC00772,2023-04-07,2023-04-17,PROV040 - Johnson & Johnson MX,SKU057,Neutrogena,870,444.65,386845.5,10,60 días,1
OC00773,2023-05-22,2023-06-05,PROV040 - Johnson & Johnson MX,SKU057,Neutrogena,850,442.88,376448.0,14,Contado,1
OC00774,2023-07-26,2023-08-07,PROV040 - Johnson & Johnson MX,SKU057,Neutrogena,859,469.33,403154.47,12,60 días,1
OC00775,2023-09-05,2023-09-18,PROV040 - Johnson & Johnson MX,SKU057,Neutrogena,1042,470.64,490406.88,13,45 días,1
OC00776,2023-11-09,2023-11-27,PROV040 - Johnson & Johnson MX,SKU057,Neutrogena,928,479.27,444762.56,18,45 días,1
OC00777,2023-12-28,2024-01-08,PROV040 - Johnson & Johnson MX,SKU057,Neutrogena,874,440.68,385154.32,11,30 días,1
OC00778,2024-03-03,2024-03-18,PROV040 - Johnson & Johnson MX,SKU057,Neutrogena,816,441.11,359945.76,15,Contado,1
OC00779,2024-04-26,2024-05-13,PROV040 - Johnson & Johnson MX,SKU057,Neutrogena,590,437.17,257930.3,17,Contado,1
OC00780,2024-05-30,2024-06-10,PROV040 - Johnson & Johnson MX,SKU057,Neutrogena,698,474.54,331228.92,11,Contado,1
OC00781,2024-07-16,2024-07-29,PROV040 - Johnson & Johnson MX,SKU057,Neutrogena,687,461.42,316995.54,13,30 días,1
OC00782,2024-08-24,2024-09-09,PROV040 - Johnson & Johnson MX,SKU057,Neutrogena,1015,474.63,481749.45,16,45 días,1
OC00783,2024-10-09,2024-10-28,PROV040 - Johnson & Johnson MX,SKU057,Neutrogena,1400,456.64,639296.0,19,30 días,1
OC00784,2022-12-26,2023-01-09,PROV016 - Sony México,SKU058,Sony,253,4740.98,1199467.94,14,45 días,1
OC00785,2023-02-03,2023-02-20,PROV016 - Sony México,SKU058,Sony,266,4515.55,1201136.3,17,Contado,1
OC00786,2023-03-12,2023-03-27,PROV016 - Sony México,SKU058,Sony,467,4575.35,2136688.45,15,60 días,1
OC00787,2023-04-19,2023-05-08,PROV016 - Sony México,SKU058,Sony,692,4459.54,3086001.68,19,Contado,1
OC00788,2023-06-20,2023-07-03,PROV016 - Sony México,SKU058,Sony,960,4568.97,4386211.2,13,Contado,1
OC00789,2023-10-02,2023-10-16,PROV016 - Sony México,SKU058,Sony,540,4461.78,2409361.2,14,45 días,1
OC00790,2023-10-29,2023-11-13,PROV016 - Sony México,SKU058,Sony,1141,4661.44,5318703.04,15,30 días,1
OC00791,2023-11-22,2023-12-11,PROV016 - Sony México,SKU058,Sony,984,4563.04,4490031.36,19,30 días,1
OC00792,2024-04-23,2024-05-13,PROV016 - Sony México,SKU058,Sony,760,4614.85,3507286.0,20,30 días,1
OC00793,2024-07-22,2024-08-05,PROV016 - Sony México,SKU058,Sony,367,4729.88,1735865.96,14,30 días,1
OC00794,2024-08-30,2024-09-09,PROV016 - Sony México,SKU058,Sony,700,4570.94,3199658.0,10,30 días,1
OC00795,2024-10-16,2024-11-04,PROV016 - Sony México,SKU058,Sony,740,4521.36,3345806.4,19,60 días,1
OC00796,2024-11-19,2024-12-09,PROV016 - Sony México,SKU058,Sony,1326,4423.12,5865057.12,20,30 días,1
OC00797,2023-01-29,2023-02-06,PROV001 - Apple México Distribución,SKU059,Apple,262,3799.0,995338.0,8,45 días,1
OC00798,2023-03-25,2023-04-03,PROV001 - Apple México Distribución,SKU059,Apple,344,3746.61,1288833.84,9,30 días,1
OC00799,2023-05-06,2023-05-15,PROV001 - Apple México Distribución,SKU059,Apple,341,4003.49,1365190.09,9,45 días,1
OC00800,2023-06-23,2023-07-03,PROV001 - Apple México Distribución,SKU059,Apple,623,3869.34,2410598.82,10,45 días,1
OC00801,2023-08-18,2023-08-28,PROV001 - Apple México Distribución,SKU059,Apple,488,3989.6,1946924.8,10,60 días,1
OC00802,2023-10-24,2023-10-30,PROV001 - Apple México Distribución,SKU059,Apple,329,3865.53,1271759.37,6,60 días,1
OC00803,2023-11-05,2023-11-13,PROV001 - Apple México Distribución,SKU059,Apple,1095,3961.53,4337875.35,8,30 días,1
OC00804,2023-12-16,2023-12-25,PROV001 - Apple México Distribución,SKU059,Apple,1367,3875.33,5297576.11,9,60 días,1
OC00805,2024-06-11,2024-06-17,PROV001 - Apple México Distribución,SKU059,Apple,569,3840.3,2185130.7,6,60 días,1
OC00806,2024-08-13,2024-08-19,PROV001 - Apple México Distribución,SKU059,Apple,991,3985.21,3949343.11,6,45 días,1
OC00807,2024-11-06,2024-11-11,PROV001 - Apple México Distribución,SKU059,Apple,2247,3833.0,8612751.0,5,45 días,1
OC00808,2022-12-23,2023-01-02,PROV018 - Xiaomi Technology MX,SKU060,Xiaomi,521,654.29,340885.09,10,Contado,1
OC00809,2023-01-17,2023-02-06,PROV018 - Xiaomi Technology MX,SKU060,Xiaomi,888,673.3,597890.4,20,60 días,1
OC00810,2023-04-05,2023-04-17,PROV018 - Xiaomi Technology MX,SKU060,Xiaomi,515,613.14,315767.1,12,60 días,1
OC00811,2023-05-04,2023-05-15,PROV018 - Xiaomi Technology MX,SKU060,Xiaomi,980,650.17,637166.6,11,45 días,1
OC00812,2023-07-07,2023-07-17,PROV018 - Xiaomi Technology MX,SKU060,Xiaomi,1531,688.79,1054537.49,10,60 días,1
OC00813,2023-09-10,2023-09-25,PROV018 - Xiaomi Technology MX,SKU060,Xiaomi,831,681.63,566434.53,15,Contado,1
OC00814,2023-10-18,2023-11-06,PROV018 - Xiaomi Technology MX,SKU060,Xiaomi,1243,663.99,825339.57,19,60 días,1
OC00815,2024-01-03,2024-01-15,PROV018 - Xiaomi Technology MX,SKU060,Xiaomi,494,638.08,315211.52,12,60 días,1
OC00816,2024-01-25,2024-02-12,PROV018 - Xiaomi Technology MX,SKU060,Xiaomi,625,673.36,420850.0,18,60 días,1
OC00817,2024-03-03,2024-03-18,PROV018 - Xiaomi Technology MX,SKU060,Xiaomi,1173,635.06,744925.38,15,30 días,1
OC00818,2024-05-04,2024-05-20,PROV018 - Xiaomi Technology MX,SKU060,Xiaomi,1481,661.9,980273.9,16,Contado,1
OC00819,2024-08-16,2024-08-26,PROV018 - Xiaomi Technology MX,SKU060,Xiaomi,1103,668.46,737311.38,10,60 días,1
OC00820,2024-10-28,2024-11-11,PROV018 - Xiaomi Technology MX,SKU060,Xiaomi,880,685.44,603187.2,14,30 días,1
OC00821,2024-12-11,2024-12-23,PROV018 - Xiaomi Technology MX,SKU060,Xiaomi,616,664.47,409313.52,12,Contado,1
OC00822,2022-12-20,2023-01-09,PROV017 - Harman International,SKU061,JBL,499,1525.5,761224.5,20,Contado,1
OC00823,2023-01-28,2023-02-13,PROV017 - Harman International,SKU061,JBL,680,1494.35,1016158.0,16,30 días,1
OC00824,2023-03-05,2023-03-20,PROV017 - Harman International,SKU061,JBL,1202,1462.28,1757660.56,15,45 días,1
OC00825,2023-05-23,2023-06-12,PROV017 - Harman International,SKU061,JBL,662,1462.2,967976.4,20,60 días,1
OC00826,2023-07-13,2023-07-31,PROV017 - Harman International,SKU061,JBL,619,1501.2,929242.8,18,30 días,1
OC00827,2023-08-09,2023-08-21,PROV017 - Harman International,SKU061,JBL,1209,1549.6,1873466.4,12,Contado,1
OC00828,2023-09-28,2023-10-16,PROV017 - Harman International,SKU061,JBL,1300,1416.13,1840969.0,18,60 días,1
OC00829,2023-11-07,2023-11-27,PROV017 - Harman International,SKU061,JBL,1042,1531.37,1595687.54,20,60 días,1
OC00830,2024-01-31,2024-02-19,PROV017 - Harman International,SKU061,JBL,480,1565.51,751444.8,19,45 días,1
OC00831,2024-03-06,2024-03-25,PROV017 - Harman International,SKU061,JBL,655,1497.64,980954.2,19,Contado,1
OC00832,2024-04-17,2024-04-29,PROV017 - Harman International,SKU061,JBL,702,1354.85,951104.7,12,45 días,1
OC00833,2024-05-24,2024-06-10,PROV017 - Harman International,SKU061,JBL,1145,1479.31,1693809.95,17,Contado,1
OC00834,2024-07-31,2024-08-19,PROV017 - Harman International,SKU061,JBL,930,1486.47,1382417.1,19,45 días,1
OC00835,2024-09-29,2024-10-14,PROV017 - Harman International,SKU061,JBL,792,1487.61,1178187.12,15,30 días,1
OC00836,2024-11-22,2024-12-02,PROV017 - Harman International,SKU061,JBL,790,1437.04,1135261.6,10,45 días,1
OC00837,2024-12-12,2024-12-23,PROV017 - Harman International,SKU061,JBL,1125,1485.18,1670827.5,11,45 días,1
OC00838,2022-12-25,2023-01-09,PROV018 - Xiaomi Technology MX,SKU062,Xiaomi,537,363.83,195376.71,15,45 días,1
OC00839,2023-02-09,2023-02-27,PROV018 - Xiaomi Technology MX,SKU062,Xiaomi,660,329.0,217140.0,18,60 días,1
OC00840,2023-04-26,2023-05-08,PROV018 - Xiaomi Technology MX,SKU062,Xiaomi,641,348.38,223311.58,12,45 días,1
OC00841,2023-06-07,2023-06-26,PROV018 - Xiaomi Technology MX,SKU062,Xiaomi,996,347.93,346538.28,19,45 días,1
OC00842,2023-08-18,2023-09-04,PROV018 - Xiaomi Technology MX,SKU062,Xiaomi,1138,353.83,402658.54,17,60 días,1
OC00843,2023-11-24,2023-12-11,PROV018 - Xiaomi Technology MX,SKU062,Xiaomi,934,360.24,336464.16,17,45 días,1
OC00844,2024-03-22,2024-04-01,PROV018 - Xiaomi Technology MX,SKU062,Xiaomi,720,349.18,251409.6,10,Contado,1
OC00845,2024-05-23,2024-06-03,PROV018 - Xiaomi Technology MX,SKU062,Xiaomi,673,367.71,247468.83,11,45 días,1
OC00846,2024-07-14,2024-07-29,PROV018 - Xiaomi Technology MX,SKU062,Xiaomi,1072,343.31,368028.32,15,30 días,1
OC00847,2024-10-27,2024-11-11,PROV018 - Xiaomi Technology MX,SKU062,Xiaomi,947,368.94,349386.18,15,Contado,1
OC00848,2022-12-21,2023-01-02,PROV030 - Newell Brands MX,SKU063,Oster,490,745.98,365530.2,12,60 días,1
OC00849,2023-01-24,2023-02-06,PROV030 - Newell Brands MX,SKU063,Oster,430,726.28,312300.4,13,60 días,1
OC00850,2023-02-22,2023-03-06,PROV030 - Newell Brands MX,SKU063,Oster,601,719.24,432263.24,12,30 días,1
OC00851,2023-04-10,2023-04-24,PROV030 - Newell Brands MX,SKU063,Oster,525,765.7,401992.5,14,45 días,1
OC00852,2023-04-14,2023-05-01,PROV030 - Newell Brands MX,SKU063,Oster,2935,733.51,2152851.85,17,60 días,1
OC00853,2023-10-13,2023-10-30,PROV030 - Newell Brands MX,SKU063,Oster,1193,759.18,905701.74,17,45 días,1
OC00854,2023-11-25,2023-12-11,PROV030 - Newell Brands MX,SKU063,Oster,1732,767.26,1328894.32,16,30 días,1
OC00855,2024-01-25,2024-02-12,PROV030 - Newell Brands MX,SKU063,Oster,1211,729.45,883363.95,18,45 días,1
OC00856,2024-04-12,2024-04-29,PROV030 - Newell Brands MX,SKU063,Oster,1708,764.31,1305441.48,17,60 días,1
OC00857,2024-04-30,2024-05-20,PROV030 - Newell Brands MX,SKU063,Oster,1872,720.6,1348963.2,20,Contado,1
OC00858,2024-10-12,2024-10-28,PROV030 - Newell Brands MX,SKU063,Oster,639,728.47,465492.33,16,60 días,1
OC00859,2024-10-27,2024-11-11,PROV030 - Newell Brands MX,SKU063,Oster,1630,765.41,1247618.3,15,Contado,1
OC00860,2024-12-07,2024-12-23,PROV030 - Newell Brands MX,SKU063,Oster,2862,765.78,2191662.36,16,45 días,1
OC00861,2022-12-30,2023-01-16,PROV032 - Nestlé Nespresso MX,SKU064,Nespresso,313,2100.52,657462.76,17,Contado,1
OC00862,2023-02-19,2023-03-06,PROV032 - Nestlé Nespresso MX,SKU064,Nespresso,503,2070.28,1041350.84,15,60 días,1
OC00863,2023-03-21,2023-04-03,PROV032 - Nestlé Nespresso MX,SKU064,Nespresso,613,2105.89,1290910.57,13,30 días,1
OC00864,2023-04-25,2023-05-15,PROV032 - Nestlé Nespresso MX,SKU064,Nespresso,647,2132.05,1379436.35,20,Contado,1
OC00865,2023-07-02,2023-07-17,PROV032 - Nestlé Nespresso MX,SKU064,Nespresso,553,2069.51,1144439.03,15,60 días,1
OC00866,2023-08-07,2023-08-21,PROV032 - Nestlé Nespresso MX,SKU064,Nespresso,435,2051.38,892350.3,14,30 días,1
OC00867,2023-09-10,2023-09-25,PROV032 - Nestlé Nespresso MX,SKU064,Nespresso,650,2097.49,1363368.5,15,Contado,1
OC00868,2023-10-18,2023-10-30,PROV032 - Nestlé Nespresso MX,SKU064,Nespresso,1615,2185.95,3530309.25,12,30 días,1
OC00869,2023-12-01,2023-12-11,PROV032 - Nestlé Nespresso MX,SKU064,Nespresso,3304,2043.4,6751393.6,10,45 días,1
OC00870,2024-08-06,2024-08-26,PROV032 - Nestlé Nespresso MX,SKU064,Nespresso,711,2134.54,1517657.94,20,30 días,1
OC00871,2024-10-11,2024-10-28,PROV032 - Nestlé Nespresso MX,SKU064,Nespresso,1298,2196.06,2850485.88,17,Contado,1
OC00872,2024-10-30,2024-11-11,PROV032 - Nestlé Nespresso MX,SKU064,Nespresso,2719,2070.84,5630613.96,12,60 días,1
OC00873,2022-12-20,2023-01-09,PROV033 - iRobot Distribución,SKU065,iRobot,276,5021.17,1385842.92,20,60 días,1
OC00874,2023-01-26,2023-02-06,PROV033 - iRobot Distribución,SKU065,iRobot,453,4422.43,2003360.79,11,60 días,1
OC00875,2023-03-18,2023-04-03,PROV033 - iRobot Distribución,SKU065,iRobot,593,4672.85,2771000.05,16,45 días,1
OC00876,2023-05-13,2023-05-29,PROV033 - iRobot Distribución,SKU065,iRobot,601,4938.18,2967846.18,16,45 días,1
OC00877,2023-07-08,2023-07-24,PROV033 - iRobot Distribución,SKU065,iRobot,492,4609.17,2267711.64,16,60 días,1
OC00878,2023-08-16,2023-08-28,PROV033 - iRobot Distribución,SKU065,iRobot,512,4924.91,2521553.92,12,30 días,1
OC00879,2023-09-12,2023-10-02,PROV033 - iRobot Distribución,SKU065,iRobot,586,4855.83,2845516.38,20,Contado,1
OC00880,2023-10-18,2023-11-06,PROV033 - iRobot Distribución,SKU065,iRobot,632,4956.52,3132520.64,19,Contado,1
OC00881,2023-11-23,2023-12-04,PROV033 - iRobot Distribución,SKU065,iRobot,676,4600.27,3109782.52,11,45 días,1
OC00882,2023-12-08,2023-12-25,PROV033 - iRobot Distribución,SKU065,iRobot,1310,4900.57,6419746.7,17,60 días,1
OC00883,2024-05-11,2024-05-27,PROV033 - iRobot Distribución,SKU065,iRobot,835,4760.94,3975384.9,16,45 días,1
OC00884,2024-07-23,2024-08-12,PROV033 - iRobot Distribución,SKU065,iRobot,678,4954.17,3358927.26,20,60 días,1
OC00885,2024-10-25,2024-11-04,PROV033 - iRobot Distribución,SKU065,iRobot,1058,4706.02,4978969.16,10,Contado,1
OC00886,2024-11-17,2024-12-02,PROV033 - iRobot Distribución,SKU065,iRobot,2174,4736.3,10296716.2,15,30 días,1
OC00887,2022-12-18,2023-01-02,PROV030 - Newell Brands MX,SKU066,Oster,402,1289.32,518306.64,15,45 días,1
OC00888,2023-02-10,2023-02-20,PROV030 - Newell Brands MX,SKU066,Oster,480,1259.53,604574.4,10,60 días,1
OC00889,2023-02-16,2023-03-06,PROV030 - Newell Brands MX,SKU066,Oster,710,1275.42,905548.2,18,60 días,1
OC00890,2023-04-13,2023-05-01,PROV030 - Newell Brands MX,SKU066,Oster,1024,1266.11,1296496.64,18,60 días,1
OC00891,2023-07-19,2023-07-31,PROV030 - Newell Brands MX,SKU066,Oster,490,1293.5,633815.0,12,Contado,1
OC00892,2023-08-22,2023-09-04,PROV030 - Newell Brands MX,SKU066,Oster,758,1231.6,933552.8,13,45 días,1
OC00893,2023-10-26,2023-11-06,PROV030 - Newell Brands MX,SKU066,Oster,566,1218.12,689455.92,11,Contado,1
OC00894,2023-12-13,2023-12-25,PROV030 - Newell Brands MX,SKU066,Oster,617,1219.93,752696.81,12,Contado,1
OC00895,2024-02-21,2024-03-11,PROV030 - Newell Brands MX,SKU066,Oster,470,1179.67,554444.9,19,30 días,1
OC00896,2024-04-09,2024-04-22,PROV030 - Newell Brands MX,SKU066,Oster,881,1255.53,1106121.93,13,30 días,1
OC00897,2024-05-14,2024-06-03,PROV030 - Newell Brands MX,SKU066,Oster,861,1235.45,1063722.45,20,45 días,1
OC00898,2024-07-19,2024-07-29,PROV030 - Newell Brands MX,SKU066,Oster,576,1244.29,716711.04,10,30 días,1
OC00899,2024-08-29,2024-09-16,PROV030 - Newell Brands MX,SKU066,Oster,638,1184.21,755525.98,18,60 días,1
OC00900,2024-10-27,2024-11-11,PROV030 - Newell Brands MX,SKU066,Oster,564,1255.8,708271.2,15,45 días,1
OC00901,2022-12-23,2023-01-02,PROV031 - Groupe SEB MX,SKU067,T-Fal,248,989.64,245430.72,10,30 días,1
OC00902,2023-02-10,2023-02-20,PROV031 - Groupe SEB MX,SKU067,T-Fal,284,1026.88,291633.92,10,60 días,1
OC00903,2023-03-23,2023-04-03,PROV031 - Groupe SEB MX,SKU067,T-Fal,529,1003.17,530676.93,11,45 días,1
OC00904,2023-05-12,2023-05-29,PROV031 - Groupe SEB MX,SKU067,T-Fal,409,991.65,405584.85,17,30 días,1
OC00905,2023-07-10,2023-07-24,PROV031 - Groupe SEB MX,SKU067,T-Fal,455,1016.58,462543.9,14,45 días,1
OC00906,2023-08-19,2023-09-04,PROV031 - Groupe SEB MX,SKU067,T-Fal,403,990.89,399328.67,16,60 días,1
OC00907,2023-10-03,2023-10-23,PROV031 - Groupe SEB MX,SKU067,T-Fal,329,1017.42,334731.18,20,Contado,1
OC00908,2023-11-22,2023-12-11,PROV031 - Groupe SEB MX,SKU067,T-Fal,274,1019.79,279422.46,19,Contado,1
OC00909,2024-01-06,2024-01-22,PROV031 - Groupe SEB MX,SKU067,T-Fal,353,992.06,350197.18,16,Contado,1
OC00910,2024-02-14,2024-02-26,PROV031 - Groupe SEB MX,SKU067,T-Fal,397,991.23,393518.31,12,Contado,1
OC00911,2024-03-27,2024-04-15,PROV031 - Groupe SEB MX,SKU067,T-Fal,681,1042.9,710214.9,19,30 días,1
OC00912,2024-06-14,2024-06-24,PROV031 - Groupe SEB MX,SKU067,T-Fal,494,997.14,492587.16,10,30 días,1
OC00913,2024-09-11,2024-09-23,PROV031 - Groupe SEB MX,SKU067,T-Fal,269,969.93,260911.17,12,60 días,1
OC00914,2024-09-19,2024-10-07,PROV031 - Groupe SEB MX,SKU067,T-Fal,553,1009.01,557982.53,18,45 días,1
OC00915,2024-11-13,2024-12-02,PROV031 - Groupe SEB MX,SKU067,T-Fal,600,1033.74,620244.0,19,30 días,1
